18.549,6100,53.136,53.136,8.115,84330
18.585,6101,53.199,53.199,8.562,84331
18.607,6102,53.024,53.024,8.945,84332
18.583,6103,52.602,52.602,9.260,84333
18.512,6104,51.112,51.112,9.701,84334
18.479,6105,50.211,50.211,9.880,84335
18.424,6106,49.326,49.326,10.035,84337
18.404,6107,48.472,48.472,10.168,84338
18.408,6108,47.608,47.608,10.276,84378
18.452,6109,46.727,46.727,10.362,84379
18.511,6110,45.869,45.869,10.442,84381
18.518,6111,45.060,45.060,10.524,84382
18.485,6112,44.299,44.299,10.610,84383
18.433,6113,43.593,43.593,10.693,84384
18.397,6114,43.005,43.005,10.767,84385
18.343,6115,42.567,42.567,10.828,84387
18.236,6116,42.235,42.235,10.873,84429
18.106,6117,41.998,41.998,10.911,84430
19.025,6118,35.703,35.703,10.600,84478
17.178,6119,25.006,25.006,11.284,84479
16.933,6120,24.626,24.626,11.246,84528
15.496,6121,24.238,24.238,10.833,84530
15.284,6122,24.289,24.289,10.724,84531
15.213,6123,24.051,24.051,10.620,84532
15.013,6124,23.330,23.330,10.540,84533
15.104,6125,22.122,22.122,10.477,84535
15.486,6126,20.857,20.857,10.473,84536
15.761,6127,19.838,19.838,10.518,84538
15.957,6128,18.926,18.926,10.525,84628
16.298,6129,18.033,18.033,10.429,84678
16.679,6130,17.329,17.329,10.206,84681
16.858,6131,17.023,17.023,9.842,84683
16.853,6132,17.247,17.247,9.333,84685
16.719,6133,17.995,17.995,8.698,84687
16.528,6134,19.049,19.049,8.006,84729
16.233,6135,20.220,20.220,7.353,84731
15.821,6136,21.369,21.369,6.790,84779
15.419,6137,22.349,22.349,6.310,84828
15.159,6138,22.966,22.966,5.879,84878
15.120,6139,23.146,23.146,5.477,84879
15.330,6140,22.947,22.947,5.105,84881
15.667,6141,22.457,22.457,4.756,84978
16.002,6142,21.781,21.781,4.425,85179
16.289,6143,20.972,20.972,4.098,85279
16.495,6144,20.089,20.089,3.762,85280
16.616,6145,19.181,19.181,3.393,85379
16.641,6146,18.338,18.338,2.998,85380
16.581,6147,17.644,17.644,2.619,85381
16.441,6148,17.130,17.130,2.284,85383
16.249,6149,16.820,16.820,2.002,85384
15.883,6150,16.746,16.746,1.578,85428
15.608,6151,18.939,18.939,0.684,85430
15.633,6152,19.562,19.562,0.484,85479
15.682,6153,20.158,20.158,0.272,85481
15.725,6154,20.725,20.725,0.066,85487
15.757,6155,21.233,21.233,-0.130,85529
15.782,6156,21.634,21.634,-0.320,85531
15.848,6157,21.903,21.903,-0.520,85533
16.372,6158,21.713,21.713,-1.627,85578
16.536,6159,19.344,19.344,-3.264,85678
16.251,6160,17.395,17.395,-4.992,85680
16.258,6161,17.233,17.233,-5.352,85681
16.623,6162,16.666,16.666,-6.972,85683
17.654,6163,16.567,16.567,-8.791,85684
19.195,6164,18.506,18.506,-10.022,85685
19.789,6165,15.735,15.735,-6.672,85687
19.768,6166,15.052,15.052,-6.261,85688
20.338,6167,10.459,10.459,-3.720,85728
20.054,6168,10.632,10.632,-3.369,85729
19.755,6169,10.882,10.882,-2.998,85731
19.539,6170,10.639,10.639,-2.607,85732
19.391,6171,10.965,10.965,-2.193,85734
19.322,6172,11.239,11.239,-1.772,85735
19.367,6173,11.026,11.026,-1.383,85737
19.613,6174,8.537,8.537,-0.290,85738
19.608,6175,7.340,7.340,-0.123,85740
19.607,6176,6.042,6.042,0.013,85828
19.593,6177,1.884,1.884,0.357,85829
19.467,6178,0.471,0.471,0.484,85831
19.288,6179,359.087,359.087,0.612,85832
18.576,6180,355.465,355.465,1.094,85834
16.120,6181,347.475,347.475,3.833,85835
15.820,6182,346.366,346.366,3.992,85837
15.531,6183,345.166,345.166,4.137,85838
15.251,6184,343.869,343.869,4.271,85839
15.024,6185,342.493,342.493,4.403,85879
14.805,6186,341.041,341.041,4.539,85880
14.551,6187,339.501,339.501,4.687,85881
14.339,6188,337.936,337.936,4.862,86028
14.136,6189,336.404,336.404,5.064,86029
13.931,6190,334.951,334.951,5.289,86031
13.696,6191,333.539,333.539,5.528,86032
13.466,6192,332.126,332.126,5.758,86033
13.289,6193,330.731,330.731,5.979,86036
13.076,6194,329.378,329.378,6.191,86038
12.843,6195,328.050,328.050,6.382,86039
12.580,6196,326.759,326.759,6.555,86040
12.281,6197,325.489,325.489,6.719,86129
11.971,6198,324.208,324.208,6.867,86130
11.621,6199,322.938,322.938,7.016,86132
11.325,6200,321.658,321.658,7.154,86133
11.060,6201,320.363,320.363,7.285,86329
10.798,6202,319.017,319.017,7.426,86331
10.590,6203,317.587,317.587,7.569,86333
10.444,6204,316.071,316.071,7.714,86335
10.389,6205,314.480,314.480,7.854,86378
10.400,6206,312.826,312.826,7.977,86380
10.404,6207,311.134,311.134,8.095,86382
10.368,6208,309.465,309.465,8.204,86384
10.272,6209,307.817,307.817,8.298,86386
8.899,6210,299.214,299.214,8.783,86389
8.577,6211,298.085,298.085,8.868,86391
8.251,6212,296.962,296.962,8.965,86393
7.916,6213,295.821,295.821,9.065,86395
7.582,6214,294.646,294.646,9.163,86428
7.277,6215,293.495,293.495,9.267,86430
6.918,6216,292.448,292.448,9.382,86432
6.463,6217,291.520,291.520,9.495,86434
5.962,6218,290.691,290.691,9.579,86479
4.889,6219,289.613,289.613,9.576,86529
4.521,6220,289.404,289.404,9.485,86579
4.288,6221,289.302,289.302,9.387,86580
4.025,6222,289.224,289.224,9.325,86581
3.505,6223,284.519,284.519,5.897,86582
3.525,6224,284.021,284.021,5.621,86584
3.538,6225,283.422,283.422,5.359,86585
3.546,6226,282.767,282.767,5.100,86587
3.540,6227,281.343,281.343,4.584,86588
3.538,6228,280.642,280.642,4.323,86590
3.549,6229,279.965,279.965,4.068,86629
3.557,6230,279.336,279.336,3.821,86630
3.555,6231,278.772,278.772,3.579,86631
3.532,6232,278.281,278.281,3.342,86632
3.497,6233,277.867,277.867,3.112,86634
3.480,6234,277.502,277.502,2.895,86635
3.499,6235,277.118,277.118,2.694,86637
3.518,6236,276.695,276.695,2.505,86728
3.518,6237,276.239,276.239,2.322,86730
3.482,6238,275.760,275.760,2.141,86731
3.396,6239,275.280,275.280,1.962,86732
3.268,6240,274.819,274.819,1.796,86734
3.049,6241,273.897,273.897,1.514,86735
2.642,6242,271.362,271.362,1.005,86737
2.561,6243,270.932,270.932,0.934,86738
2.464,6244,270.523,270.523,0.857,86740
2.366,6245,270.161,270.161,0.764,86878
2.302,6246,269.836,269.836,0.665,86880
2.214,6247,269.583,269.583,0.552,86881
2.153,6248,269.404,269.404,0.410,86882
2.127,6249,269.244,269.244,0.261,86884
2.128,6250,269.011,269.011,0.120,86885
2.164,6251,268.754,268.754,-0.024,86887
2.215,6252,268.475,268.475,-0.173,86888
2.269,6253,268.163,268.163,-0.326,86889
2.324,6254,267.826,267.826,-0.479,87178
2.367,6255,267.501,267.501,-0.637,87180
2.429,6256,267.195,267.195,-0.813,87181
2.523,6257,266.889,266.889,-0.993,87182
2.598,6258,266.597,266.597,-1.172,87184
2.662,6259,266.330,266.330,-1.358,87185
2.726,6260,266.053,266.053,-1.554,87187
2.800,6261,265.754,265.754,-1.743,87189
2.880,6262,265.441,265.441,-1.910,87191
2.955,6263,265.086,265.086,-2.052,87229
3.021,6264,264.665,264.665,-2.181,87231
3.071,6265,264.206,264.206,-2.308,87233
3.118,6266,263.779,263.779,-2.453,87235
3.535,6267,262.639,262.639,-3.400,87237
3.664,6268,262.463,262.463,-3.577,87239
3.805,6269,262.249,262.249,-3.751,87328
3.956,6270,261.986,261.986,-3.915,87330
4.094,6271,261.719,261.719,-4.051,87331
4.222,6272,261.522,261.522,-4.153,87332
4.366,6273,261.416,261.416,-4.228,87334
4.510,6274,261.343,261.343,-4.288,87335
4.678,6275,261.211,261.211,-4.346,87337
8.433,6276,253.866,253.866,-5.181,87338
8.557,6277,253.728,253.728,-4.898,87379
8.581,6278,253.675,253.675,-4.522,87478
8.550,6279,253.653,253.653,-4.070,87480
8.537,6280,253.621,253.621,-3.569,87481
8.567,6281,253.569,253.569,-3.021,87482
8.606,6282,253.465,253.465,-2.434,87484
8.655,6283,253.272,253.272,-1.816,87485
8.759,6284,252.993,252.993,-1.162,87487
8.894,6285,252.688,252.688,-0.477,87488
9.051,6286,252.411,252.411,0.224,87490
9.213,6287,252.181,252.181,0.916,87578
9.363,6288,251.984,251.984,1.586,87579
9.441,6289,251.823,251.823,2.223,87581
9.436,6290,251.701,251.701,2.820,87582
9.348,6291,251.621,251.621,3.374,87583
9.161,6292,251.557,251.557,3.884,87585
8.885,6293,251.499,251.499,4.367,87586
8.567,6294,251.432,251.432,4.818,87588
8.203,6295,251.343,251.343,5.239,87589
7.838,6296,251.214,251.214,5.635,87628
7.498,6297,251.015,251.015,6.012,87629
7.160,6298,250.718,250.718,6.381,87631
6.803,6299,250.333,250.333,6.732,87678
4.849,6300,244.433,244.433,8.794,87680
4.701,6301,243.022,243.022,9.091,87682
4.549,6302,241.548,241.548,9.406,87683
4.390,6303,240.053,240.053,9.744,87685
4.234,6304,238.576,238.576,10.101,87686
4.030,6305,237.167,237.167,10.477,87688
3.820,6306,235.862,235.862,10.864,87689
3.592,6307,234.695,234.695,11.258,87778
3.366,6308,233.663,233.663,11.653,87780
2.753,6309,231.941,231.941,12.449,87781
2.421,6310,231.221,231.221,12.823,87782
2.178,6311,230.533,230.533,13.195,87829
2.031,6312,229.857,229.857,13.570,87830
1.971,6313,229.171,229.171,13.945,87831
1.916,6314,228.457,228.457,14.314,87878
1.846,6315,227.728,227.728,14.672,87879
1.756,6316,226.990,226.990,15.018,87881
1.665,6317,226.220,226.220,15.338,88029
1.593,6318,225.406,225.406,15.636,88031
1.557,6319,224.604,224.604,15.904,88033
1.525,6320,223.859,223.859,16.130,88079
1.481,6321,223.193,223.193,16.326,88129
1.409,6322,222.600,222.600,16.503,88130
1.272,6323,222.063,222.063,16.674,88131
1.065,6324,221.544,221.544,16.834,88132
0.876,6325,221.005,221.005,16.991,88133
0.727,6326,220.420,220.420,17.179,88134
0.594,6327,219.744,219.744,17.411,88135
0.544,6328,218.910,218.910,17.673,88229
0.643,6329,217.923,217.923,17.945,88229
0.840,6330,216.847,216.847,18.208,88231
1.083,6331,215.738,215.738,18.460,88232
1.340,6332,214.639,214.639,18.692,88233
1.626,6333,213.551,213.551,18.911,88234
1.918,6334,212.469,212.469,19.114,88235
2.215,6335,211.362,211.362,19.309,88236
2.923,6336,208.280,208.280,19.803,88237
3.059,6337,207.456,207.456,19.931,88328
3.115,6338,206.780,206.780,20.036,88329
2.022,6339,201.786,201.786,21.171,88379
2.314,6340,201.007,201.007,21.479,88380
2.793,6341,200.264,200.264,21.776,88381
3.768,6342,197.489,197.489,21.875,88382
3.746,6343,196.107,196.107,18.969,88383
3.621,6344,195.955,195.955,18.338,88428
3.451,6345,195.700,195.700,17.732,88429
3.325,6346,195.351,195.351,17.134,88430
3.323,6347,194.900,194.900,16.541,88431
3.404,6348,194.427,194.427,15.971,88433
3.501,6349,193.997,193.997,15.437,88479
3.972,6350,192.505,192.505,13.640,88480
4.154,6351,192.059,192.059,13.227,88481
4.426,6352,191.570,191.570,12.817,88482
4.737,6353,191.110,191.110,12.422,88483
4.973,6354,190.731,190.731,12.058,88484
5.068,6355,190.483,190.483,11.729,88485
5.024,6356,190.403,190.403,11.425,88486
4.877,6357,190.524,190.524,11.126,88487
4.670,6358,190.863,190.863,10.820,88579
4.182,6359,192.034,192.034,10.191,88579
3.937,6360,192.739,192.739,9.868,88581
3.596,6361,195.212,195.212,8.416,88582
3.637,6362,195.638,195.638,8.008,88583
3.704,6363,195.990,195.990,7.584,88584
3.785,6364,196.300,196.300,7.149,88585
3.871,6365,196.575,196.575,6.711,88586
3.972,6366,196.799,196.799,6.272,88628
4.080,6367,196.949,196.949,5.834,88630
4.183,6368,197.011,197.011,5.397,88729
4.293,6369,196.999,196.999,4.964,88729
4.412,6370,196.930,196.930,4.533,88731
4.519,6371,196.824,196.824,4.107,88732
4.619,6372,196.698,196.698,3.686,88733
4.738,6373,196.550,196.550,3.261,88734
4.876,6374,196.366,196.366,2.831,88735
5.006,6375,196.136,196.136,2.401,88736
5.121,6376,195.862,195.862,1.980,88830
5.214,6377,195.574,195.574,1.573,88831
5.279,6378,195.315,195.315,1.183,88833
5.333,6379,195.107,195.107,0.805,88835
5.439,6380,194.835,194.835,0.063,88837
5.491,6381,194.791,194.791,-0.303,88838
5.557,6382,194.818,194.818,-0.663,88840
5.664,6383,194.889,194.889,-1.015,88844
5.795,6384,194.987,194.987,-1.350,88878
5.914,6385,195.129,195.129,-1.661,88880
6.027,6386,195.313,195.313,-1.946,88979
6.160,6387,195.500,195.500,-2.211,89079
6.303,6388,195.646,195.646,-2.466,89080
6.423,6389,195.722,195.722,-2.717,89129
6.691,6390,195.624,195.624,-3.999,89130
6.745,6391,195.638,195.638,-4.281,89131
6.825,6392,195.678,195.678,-4.579,89132
6.919,6393,195.738,195.738,-4.882,89134
7.016,6394,195.816,195.816,-5.186,89135
7.106,6395,195.920,195.920,-5.484,89136
7.198,6396,196.076,196.076,-5.769,89229
7.307,6397,196.311,196.311,-6.038,89229
7.665,6398,197.556,197.556,-6.714,89231
7.802,6399,198.109,198.109,-6.880,89232
7.968,6400,198.703,198.703,-7.002,89233
8.161,6401,199.301,199.301,-7.066,89234
8.396,6402,199.884,199.884,-7.064,89235
8.636,6403,200.437,200.437,-6.974,89236
8.855,6404,200.942,200.942,-6.789,89238
9.040,6405,201.373,201.373,-6.522,89278
9.145,6406,201.720,201.720,-6.184,89279
9.173,6407,202.014,202.014,-5.764,89280
7.856,6408,203.677,203.677,-1.511,89329
6.515,6409,204.337,204.337,5.993,89330
3.741,6410,206.005,206.005,9.425,89331
3.130,6411,206.338,206.338,10.092,89332
2.637,6412,206.619,206.619,10.767,89333
2.281,6413,206.865,206.865,11.446,89334
2.083,6414,206.987,206.987,12.151,89335
2.016,6415,206.912,206.912,12.879,89336
1.964,6416,206.578,206.578,13.606,89338
1.853,6417,205.975,205.975,14.317,89429
1.645,6418,203.324,203.324,16.365,89430
1.564,6419,202.406,202.406,16.979,89431
1.593,6420,201.463,201.463,17.555,89432
1.632,6421,200.557,200.557,18.075,89433
1.680,6422,199.687,199.687,18.545,89434
1.777,6423,198.832,198.832,18.958,89435
1.921,6424,198.002,198.002,19.296,89436
2.109,6425,197.190,197.190,19.590,89438
2.301,6426,196.412,196.412,19.857,89479
2.457,6427,195.761,195.761,20.081,89479
2.463,6428,195.391,195.391,20.225,89481
2.319,6429,195.243,195.243,20.300,89482
2.087,6430,195.200,195.200,20.329,89483
1.857,6431,195.223,195.223,20.323,89484
1.639,6432,195.284,195.284,20.292,89485
1.475,6433,195.314,195.314,20.265,89486
1.356,6434,195.251,195.251,20.251,89487
1.304,6435,195.046,195.046,20.265,89528
1.390,6436,194.657,194.657,20.311,89529
1.562,6437,194.096,194.096,20.377,89579
1.787,6438,193.360,193.360,20.460,89580
2.151,6439,192.389,192.389,20.563,89729
2.719,6440,191.153,191.153,20.670,89731
3.431,6441,189.795,189.795,20.752,89733
4.004,6442,188.618,188.618,20.813,89734
4.272,6443,187.857,187.857,20.876,89736
4.369,6444,187.513,187.513,20.949,89738
4.363,6445,187.459,187.459,21.020,89779
4.225,6446,187.535,187.535,21.065,89780
3.982,6447,187.605,187.605,21.073,89782
3.718,6448,187.602,187.602,21.046,89784
3.446,6449,187.539,187.539,21.019,89786
3.188,6450,187.405,187.405,21.020,89787
2.963,6451,187.170,187.170,21.059,89789
2.786,6452,186.841,186.841,21.115,89791
2.649,6453,186.467,186.467,21.184,89792
2.520,6454,186.069,186.069,21.261,89978
2.428,6455,185.639,185.639,21.327,90078
2.566,6456,185.117,185.117,21.360,90079
2.824,6457,184.434,184.434,21.341,90129
3.048,6458,183.451,183.451,21.339,90130
3.580,6459,181.926,181.926,21.458,90131
4.421,6460,179.968,179.968,21.757,90132
6.486,6461,173.312,173.312,21.569,90133
5.780,6462,174.199,174.199,20.624,90134
5.046,6463,175.222,175.222,19.632,90135
4.347,6464,176.203,176.203,18.734,90136
3.834,6465,176.917,176.917,17.980,90138
3.716,6466,177.082,177.082,17.348,90179
4.058,6467,176.703,176.703,16.834,90279
4.683,6468,176.004,176.004,16.408,90429
5.351,6469,175.158,175.158,16.043,90430
5.918,6470,174.270,174.270,15.709,90431
6.350,6471,173.411,173.411,15.387,90478
6.625,6472,172.653,172.653,15.049,90479
6.694,6473,172.050,172.050,14.681,90485
6.575,6474,171.632,171.632,14.276,90486
6.392,6475,171.370,171.370,13.852,90487
5.620,6476,173.904,173.904,9.829,90488
5.509,6477,177.947,177.947,5.789,90489
5.587,6478,177.887,177.887,5.427,90490
5.922,6479,177.560,177.560,3.913,90529
5.993,6480,177.481,177.481,3.521,90530
6.044,6481,177.415,177.415,3.116,90531
6.070,6482,177.372,177.372,2.702,90532
6.090,6483,177.352,177.352,2.283,90533
6.125,6484,177.327,177.327,1.864,90535
6.199,6485,177.256,177.256,1.447,90536
6.325,6486,177.116,177.116,1.025,90537
6.478,6487,176.906,176.906,0.600,90538
6.639,6488,176.647,176.647,0.177,90579
7.281,6489,175.633,175.633,-2.021,90679
7.688,6490,175.580,175.580,-6.132,90728
7.699,6491,175.877,175.877,-6.341,90730
7.712,6492,176.222,176.222,-6.533,90731
7.799,6493,177.209,177.209,-6.943,90830
7.833,6494,177.489,177.489,-7.003,90831
7.872,6495,177.715,177.715,-7.016,90833
7.911,6496,177.896,177.896,-6.984,90879
7.954,6497,178.052,178.052,-6.898,90929
8.008,6498,178.194,178.194,-6.749,90931
8.050,6499,178.307,178.307,-6.538,90932
8.062,6500,178.350,178.350,-6.272,90935
8.030,6501,178.330,178.330,-5.971,90937
7.939,6502,178.295,178.295,-5.645,90939
7.780,6503,178.278,178.278,-5.302,90940
7.562,6504,178.309,178.309,-4.920,90942
7.303,6505,178.393,178.393,-4.492,90944
7.030,6506,178.536,178.536,-3.998,90979
6.775,6507,178.714,178.714,-3.430,90981
6.593,6508,178.888,178.888,-2.784,90982
6.522,6509,179.059,179.059,-2.074,90983
6.540,6510,179.257,179.257,-1.325,90984
6.691,6511,179.651,179.651,0.197,91078
6.993,6512,180.481,180.481,3.902,91079
6.826,6513,180.774,180.774,4.599,91128
6.557,6514,181.137,181.137,5.295,91130
3.139,6515,183.858,183.858,10.612,91131
3.104,6516,183.706,183.706,11.255,91132
3.162,6517,183.207,183.207,11.912,91133
3.509,6518,179.894,179.894,13.885,91134
4.722,6519,172.554,172.554,16.689,91135
5.063,6520,171.289,171.289,17.070,91178
5.425,6521,170.041,170.041,17.428,91179
5.758,6522,168.871,168.871,17.768,91181
6.022,6523,167.794,167.794,18.064,91182
6.234,6524,166.828,166.828,18.322,91183
6.472,6525,165.954,165.954,18.551,91184
6.720,6526,165.174,165.174,18.737,91185
6.938,6527,164.543,164.543,18.876,91186
7.141,6528,163.960,163.960,18.991,91279
7.386,6529,163.315,163.315,19.102,91280
7.687,6530,162.576,162.576,19.200,91281
8.062,6531,161.732,161.732,19.277,91282
8.523,6532,160.748,160.748,19.349,91283
9.707,6533,158.112,158.112,19.469,91284
10.520,6534,156.361,156.361,19.466,91285
15.692,6535,146.441,146.441,18.490,91286
16.911,6536,143.923,143.923,18.165,91288
17.981,6537,141.597,141.597,17.892,91379
18.883,6538,139.431,139.431,17.673,91380
19.698,6539,137.396,137.396,17.467,91381
20.439,6540,135.384,135.384,17.236,91428
21.060,6541,133.343,133.343,16.954,91429
21.497,6542,131.371,131.371,16.648,91430
21.774,6543,129.610,129.610,16.342,91431
21.979,6544,128.134,128.134,16.029,91433
22.175,6545,127.054,127.054,15.708,91434
22.330,6546,126.435,126.435,15.396,91435
22.432,6547,126.125,126.125,15.066,91436
22.563,6548,125.792,125.792,14.664,91437
22.534,6549,125.293,125.293,14.223,91528
22.281,6550,124.720,124.720,13.775,91529
21.821,6551,124.227,124.227,13.327,91578
21.224,6552,123.937,123.937,12.867,91580
20.534,6553,123.902,123.902,12.403,91581
19.756,6554,124.136,124.136,12.009,91779
19.033,6555,124.636,124.636,11.713,91781
18.428,6556,125.392,125.392,11.513,91829
18.009,6557,126.236,126.236,11.360,91831
17.803,6558,126.763,126.763,11.196,91833
18.940,6559,125.332,125.332,10.512,91835
19.918,6560,123.341,123.341,9.961,91836
20.514,6561,121.003,121.003,9.382,91838
20.460,6562,115.120,115.120,8.025,91839
20.170,6563,114.182,114.182,7.692,91841
19.828,6564,113.808,113.808,7.394,91879
19.491,6565,113.820,113.820,7.137,91979
19.205,6566,113.984,113.984,6.905,91981
19.017,6567,114.077,114.077,6.676,91982
18.974,6568,113.956,113.956,6.434,91983
19.084,6569,113.562,113.562,6.171,91985
19.257,6570,112.923,112.923,5.888,91986
19.398,6571,112.112,112.112,5.579,91987
19.443,6572,111.198,111.198,5.239,91988
19.347,6573,107.025,107.025,3.661,92079
19.325,6574,105.855,105.855,3.230,92080
19.284,6575,104.627,104.627,2.773,92128
18.450,6576,91.731,91.731,-0.774,92129
18.482,6577,91.601,91.601,-0.760,92131
18.536,6578,90.537,90.537,-0.983,92132
18.537,6579,90.099,90.099,-1.114,92134
18.527,6580,89.568,89.568,-1.275,92136
18.483,6581,88.938,88.938,-1.459,92138
18.424,6582,88.227,88.227,-1.662,92179
18.388,6583,87.417,87.417,-1.891,92329
18.383,6584,86.476,86.476,-2.148,92330
18.392,6585,85.432,85.432,-2.415,92378
18.411,6586,84.358,84.358,-2.676,92380
18.656,6587,79.957,79.957,-3.574,92381
18.720,6588,79.778,79.778,-3.583,92383
18.808,6589,79.595,79.595,-3.595,92384
18.917,6590,79.385,79.385,-3.616,92386
19.042,6591,79.150,79.150,-3.648,92388
19.173,6592,78.893,78.893,-3.693,92429
19.306,6593,78.636,78.636,-3.750,92430
6.409,6594,77.226,77.226,-8.192,92432
6.736,6595,76.673,76.673,-8.261,92433
6.845,6596,76.549,76.549,-8.300,92629
7.332,6597,76.062,76.062,-8.501,92631
7.479,6598,75.876,75.876,-8.564,92634
7.627,6599,75.670,75.670,-8.625,92637
7.781,6600,75.455,75.455,-8.680,92639
7.947,6601,75.243,75.243,-8.723,92642
8.125,6602,75.049,75.049,-8.748,92645
8.314,6603,74.890,74.890,-8.758,92647
8.510,6604,74.772,74.772,-8.756,92650
12.494,6605,76.667,76.667,-5.962,92679
12.749,6606,76.828,76.828,-5.585,92728
12.932,6607,76.650,76.650,-3.819,92730
12.842,6608,76.371,76.371,-3.296,92779
12.749,6609,75.972,75.972,-2.749,92829
12.662,6610,75.446,75.446,-2.191,92830
12.595,6611,74.795,74.795,-1.633,92832
12.555,6612,74.033,74.033,-1.084,92833
12.531,6613,73.167,73.167,-0.542,92835
12.515,6614,72.206,72.206,-0.001,92837
12.507,6615,71.158,71.158,0.535,92838
12.492,6616,70.056,70.056,1.056,92840
12.471,6617,68.961,68.961,1.558,92879
7.471,6618,56.322,56.322,7.096,92929
7.110,6619,55.168,55.168,7.459,92930
6.777,6620,53.903,53.903,7.869,92932
6.457,6621,52.556,52.556,8.316,92933
6.196,6622,51.129,51.129,8.794,92935
5.948,6623,49.663,49.663,9.299,93028
5.695,6624,48.209,48.209,9.840,93029
5.438,6625,46.804,46.804,10.405,93031
5.137,6626,45.457,45.457,10.967,93078
4.876,6627,44.175,44.175,11.508,93080
4.617,6628,42.986,42.986,12.043,93129
4.324,6629,41.919,41.919,12.565,93130
3.640,6630,39.044,39.044,14.357,93132
4.313,6631,35.757,35.757,16.097,93133
4.452,6632,34.934,34.934,16.385,93135
4.519,6633,34.221,34.221,16.632,93178
4.512,6634,33.620,33.620,16.861,93179
4.471,6635,33.129,33.129,17.078,93181
4.404,6636,32.726,32.726,17.287,93183
4.289,6637,32.385,32.385,17.488,93184
4.119,6638,32.099,32.099,17.670,93186
3.895,6639,31.863,31.863,17.834,93188
3.438,6640,31.373,31.373,18.124,93189
3.244,6641,31.060,31.060,18.255,93229
3.085,6642,30.659,30.659,18.383,93279
3.025,6643,30.066,30.066,18.516,93281
3.142,6644,29.223,29.223,18.665,93282
2.759,6645,25.539,25.539,19.607,93284
2.559,6646,25.120,25.120,19.744,93285
2.419,6647,24.671,24.671,19.882,93287
2.152,6648,23.236,23.236,20.246,93289
2.021,6649,22.863,22.863,20.318,93290
1.240,6650,22.036,22.036,20.223,93292
0.950,6651,21.986,21.986,20.098,93329
0.700,6652,21.987,21.987,19.942,93330
0.566,6653,21.917,21.917,19.761,93378
0.547,6654,21.578,21.578,19.584,93379
0.668,6655,20.830,20.830,19.471,93381
0.962,6656,19.708,19.708,19.484,93383
1.400,6657,18.452,18.452,19.632,93384
1.934,6658,17.292,17.292,19.888,93386
2.485,6659,16.331,16.331,20.194,93388
2.939,6660,15.597,15.597,20.463,93389
3.243,6661,15.106,15.106,20.608,93391
3.333,6662,14.903,14.903,20.553,93480
3.173,6663,15.017,15.017,20.252,93482
2.608,6664,15.788,15.788,19.012,93484
2.215,6665,16.054,16.054,18.224,93486
1.842,6666,16.175,16.175,17.457,93529
1.678,6667,16.147,16.147,16.796,93532
1.814,6668,15.945,15.945,16.259,93534
2.085,6669,15.650,15.650,15.824,93537
2.294,6670,15.343,15.343,15.458,93539
2.485,6671,15.021,15.021,15.113,93542
2.704,6672,14.680,14.680,14.756,93544
2.910,6673,14.336,14.336,14.380,93547
3.118,6674,14.008,14.008,13.985,93549
3.299,6675,13.710,13.710,13.568,93629
3.438,6676,13.455,13.455,13.130,93630
3.527,6677,13.263,13.263,12.667,93631
3.553,6678,13.176,13.176,12.190,93679
3.533,6679,13.190,13.190,11.708,93829
3.478,6680,13.290,13.290,11.235,93929
3.460,6681,13.428,13.428,10.788,93978
3.532,6682,13.563,13.563,10.381,93979
3.680,6683,13.667,13.667,10.012,93981
3.820,6684,13.741,13.741,9.668,93982
3.922,6685,13.822,13.822,9.330,94029
4.001,6686,13.942,13.942,8.997,94079
4.034,6687,14.127,14.127,8.651,94080
4.026,6688,14.339,14.339,8.277,94081
4.022,6689,14.563,14.563,7.878,94083
4.048,6690,14.803,14.803,7.462,94179
4.086,6691,15.055,15.055,7.034,94181
4.117,6692,15.300,15.300,6.595,94182
4.143,6693,15.529,15.529,6.146,94184
4.165,6694,15.756,15.756,5.690,94185
4.188,6695,16.005,16.005,5.219,94187
4.237,6696,16.256,16.256,4.738,94188
4.443,6697,16.608,16.608,3.769,94379
4.596,6698,16.700,16.700,3.288,94479
4.743,6699,16.753,16.753,2.814,94482
5.052,6700,16.944,16.944,1.464,94529
6.362,6701,18.297,18.297,-4.574,94532
8.096,6702,20.926,20.926,-8.012,94628
9.275,6703,23.201,23.201,-9.352,94630
9.482,6704,23.697,23.697,-9.556,94631
9.646,6705,24.228,24.228,-9.738,94633
9.818,6706,24.812,24.812,-9.895,94635
10.262,6707,26.092,26.092,-10.067,94636
10.684,6708,28.654,28.654,-9.318,94638
10.706,6709,28.960,28.960,-8.947,94640
10.704,6710,29.242,29.242,-8.505,94678
10.628,6711,29.500,29.500,-7.986,94680
8.808,6712,32.067,32.067,-2.141,94681
8.609,6713,32.097,32.097,-1.283,94683
8.486,6714,31.978,31.978,-0.479,94684
8.408,6715,31.796,31.796,0.297,94686
8.288,6716,31.680,31.680,1.048,94779
8.053,6717,31.685,31.685,1.777,94780
7.733,6718,31.802,31.802,2.508,94782
2.479,6719,35.056,35.056,11.751,94783
2.087,6720,30.528,30.528,17.187,94785
2.122,6721,30.337,30.337,17.475,94787
1.802,6722,30.221,30.221,18.196,94829
1.648,6723,30.364,30.364,18.307,94830
1.263,6724,31.145,31.145,18.442,94831
1.446,6725,30.916,30.916,18.436,94833
1.678,6726,30.507,30.507,18.442,94835
1.898,6727,29.960,29.960,18.463,94836
2.116,6728,29.309,29.309,18.506,94978
2.309,6729,28.607,28.607,18.573,94979
2.432,6730,27.936,27.936,18.664,94981
2.474,6731,27.331,27.331,18.794,94983
2.460,6732,26.782,26.782,18.990,94984
2.456,6733,26.231,26.231,19.278,94986
2.514,6734,25.665,25.665,19.632,94988
2.582,6735,25.150,25.150,19.991,94989
2.560,6736,24.745,24.745,20.318,94991
2.427,6737,24.435,24.435,20.598,95029
1.962,6738,23.982,23.982,20.976,95031
1.683,6739,23.862,23.862,21.058,95032
1.499,6740,23.814,23.814,21.077,95034
1.363,6741,23.859,23.859,21.035,95035
1.061,6742,23.902,23.902,20.954,95037
0.808,6743,23.579,23.579,20.894,95039
0.845,6744,22.776,22.776,20.976,95040
1.135,6745,21.818,21.818,21.223,95179
1.465,6746,20.927,20.927,21.563,95181
1.824,6747,20.105,20.105,21.927,95182
2.242,6748,19.362,19.362,22.242,95183
2.581,6749,18.859,18.859,22.392,95185
2.063,6750,19.560,19.560,17.098,95228
2.225,6751,18.959,18.959,16.691,95230
2.354,6752,18.460,18.460,16.308,95279
2.466,6753,18.064,18.064,15.938,95280
2.533,6754,17.756,17.756,15.565,95281
2.568,6755,17.533,17.533,15.182,95330
2.623,6756,17.351,17.351,14.780,95332
2.709,6757,17.157,17.157,14.379,95334
2.853,6758,16.905,16.905,13.982,95336
3.062,6759,16.582,16.582,13.600,95379
3.278,6760,16.238,16.238,13.231,95429
3.448,6761,15.935,15.935,12.868,95430
3.570,6762,15.728,15.728,12.501,95431
3.634,6763,15.663,15.663,12.118,95434
3.636,6764,15.777,15.777,11.713,95479
3.581,6765,16.072,16.072,11.297,95486
3.481,6766,16.519,16.519,10.869,95487
3.035,6767,19.333,19.333,9.002,95488
2.922,6768,20.117,20.117,8.507,95490
2.806,6769,20.903,20.903,8.002,95491
2.682,6770,21.662,21.662,7.494,95493
2.594,6771,22.345,22.345,6.991,95495
2.589,6772,22.935,22.935,6.490,95496
2.630,6773,23.420,23.420,5.987,95579
3.007,6774,24.361,24.361,4.495,95581
3.162,6775,24.464,24.464,4.023,95582
3.316,6776,24.447,24.447,3.572,95583
3.858,6777,23.779,23.779,2.337,95628
4.011,6778,23.441,23.441,1.948,95630
4.131,6779,23.100,23.100,1.566,95631
4.222,6780,22.776,22.776,1.187,95829
4.336,6781,22.202,22.202,0.440,95830
4.704,6782,21.496,21.496,-1.453,95831
4.801,6783,21.521,21.521,-1.804,95833
4.938,6784,21.584,21.584,-2.133,95835
5.066,6785,21.688,21.688,-2.441,95836
5.335,6786,21.957,21.957,-3.034,95838
5.454,6787,22.081,22.081,-3.324,95840
5.546,6788,22.224,22.224,-3.622,95978
5.615,6789,22.387,22.387,-3.926,96078
5.671,6790,22.540,22.540,-4.223,96129
5.745,6791,22.622,22.622,-4.515,96131
5.853,6792,22.596,22.596,-4.806,96229
5.983,6793,22.458,22.458,-5.090,96232
6.102,6794,22.243,22.243,-5.357,96234
6.270,6795,21.882,21.882,-5.861,96237
6.328,6796,21.826,21.826,-6.112,96239
6.384,6797,21.846,21.846,-6.365,96242
6.448,6798,21.934,21.934,-6.628,96245
6.635,6799,22.280,22.280,-7.193,96247
6.748,6800,22.517,22.517,-7.479,96250
6.875,6801,22.806,22.806,-7.751,96379
9.218,6802,25.786,25.786,-7.842,96382
9.216,6803,25.796,25.796,-7.477,96384
9.187,6804,25.991,25.991,-7.063,96387
9.146,6805,26.373,26.373,-6.588,96389
9.079,6806,26.917,26.917,-6.039,96392
8.995,6807,27.552,27.552,-5.412,96394
8.948,6808,28.165,28.165,-4.703,96397
8.979,6809,28.645,28.645,-3.928,96400
9.988,6810,28.268,28.268,1.579,96529
5.854,6811,25.076,25.076,7.168,96531
5.832,6812,21.482,21.482,9.483,96534
5.818,6813,20.530,20.530,9.891,96537
6.465,6814,12.330,12.330,13.267,96539
6.507,6815,11.275,11.275,13.678,96542
6.531,6816,10.244,10.244,14.102,96544
6.636,6817,9.276,9.276,14.526,96547
6.703,6818,8.329,8.329,14.938,96550
6.722,6819,7.391,7.391,15.355,96579
6.773,6820,6.419,6.419,15.769,96581
6.881,6821,5.386,5.386,16.192,96583
7.019,6822,4.259,4.259,16.612,96586
9.182,6823,355.066,355.066,18.490,96629
9.586,6824,353.696,353.696,18.645,96632
10.019,6825,352.286,352.286,18.777,96634
10.463,6826,350.867,350.867,18.886,96637
10.923,6827,349.438,349.438,18.979,96638
11.403,6828,347.989,347.989,19.064,96778
11.909,6829,346.506,346.506,19.144,96780
12.450,6830,344.958,344.958,19.210,96781
12.999,6831,343.313,343.313,19.252,96783
17.810,6832,328.584,328.584,18.597,96785
18.563,6833,326.131,326.131,18.389,96786
19.256,6834,323.645,323.645,18.119,96788
19.816,6835,321.131,321.131,17.810,96828
20.296,6836,318.705,318.705,17.527,96829
20.656,6837,316.518,316.518,17.344,96831
20.825,6838,314.608,314.608,17.278,96833
20.808,6839,313.068,313.068,17.320,96834
20.721,6840,312.004,312.004,17.417,96836
20.610,6841,311.306,311.306,17.486,96838
20.574,6842,310.708,310.708,17.448,96839
20.711,6843,310.083,310.083,17.272,96879
20.981,6844,309.471,309.471,16.989,96880
21.335,6845,308.871,308.871,16.613,96882
21.698,6846,308.171,308.171,16.133,96884
21.889,6847,307.363,307.363,15.562,96885
21.881,6848,306.607,306.607,14.941,96887
21.537,6849,305.992,305.992,14.301,96889
19.729,6850,306.449,306.449,10.149,96890
20.182,6851,305.960,305.960,9.600,96929
20.594,6852,305.029,305.029,9.025,96930
20.943,6853,303.695,303.695,8.433,96932
21.230,6854,302.050,302.050,7.819,96933
21.423,6855,300.204,300.204,7.167,96935
21.434,6856,298.284,298.284,6.477,96936
21.272,6857,296.447,296.447,5.763,96938
21.055,6858,294.861,294.861,5.065,97078
20.858,6859,293.635,293.635,4.431,97080
20.687,6860,292.761,292.761,3.879,97129
20.598,6861,292.118,292.118,3.359,97130
20.611,6862,291.539,291.539,2.839,97132
20.674,6863,290.928,290.928,2.320,97133
20.805,6864,290.204,290.204,1.805,97135
20.924,6865,289.323,289.323,1.300,97178
20.898,6866,288.345,288.345,0.823,97179
20.762,6867,287.321,287.321,0.370,97181
20.615,6868,286.252,286.252,-0.071,97228
20.491,6869,285.146,285.146,-0.511,97230
20.413,6870,284.041,284.041,-0.928,97231
20.295,6871,282.957,282.957,-1.291,97233
20.115,6872,281.908,281.908,-1.604,97235
19.897,6873,280.913,280.913,-1.871,97236
19.671,6874,279.971,279.971,-2.099,97238
19.481,6875,279.078,279.078,-2.288,97240
19.311,6876,278.244,278.244,-2.442,97241
19.150,6877,277.486,277.486,-2.566,97328
19.003,6878,276.828,276.828,-2.665,97330
18.892,6879,276.277,276.277,-2.748,97331
18.839,6880,275.812,275.812,-2.836,97333
18.830,6881,275.391,275.391,-2.945,97334
18.818,6882,274.232,274.232,-3.349,97429
18.766,6883,273.834,273.834,-3.478,97432
18.691,6884,273.389,273.389,-3.598,97434
18.585,6885,272.848,272.848,-3.714,97436
18.482,6886,272.141,272.141,-3.836,97480
18.386,6887,271.244,271.244,-3.977,97482
18.303,6888,270.201,270.201,-4.125,97529
18.221,6889,269.062,269.062,-4.276,97531
17.809,6890,265.463,265.463,-4.800,97534
17.630,6891,264.329,264.329,-4.987,97537
17.443,6892,263.279,263.279,-5.165,97539
17.281,6893,262.361,262.361,-5.316,97542
17.161,6894,261.574,261.574,-5.436,97543
17.073,6895,260.917,260.917,-5.522,97545
17.032,6896,260.390,260.390,-5.577,97628
17.024,6897,259.987,259.987,-5.609,97630
17.039,6898,259.690,259.690,-5.626,97631
17.155,6899,259.320,259.320,-5.649,97633
17.243,6900,259.218,259.218,-5.670,97635
17.337,6901,259.150,259.150,-5.697,97637
17.425,6902,259.091,259.091,-5.727,97638
17.621,6903,258.927,258.927,-5.791,97640
18.012,6904,257.401,257.401,-6.178,97728
18.063,6905,256.943,256.943,-6.300,97729
18.121,6906,256.484,256.484,-6.418,97731
18.194,6907,256.039,256.039,-6.521,97778
18.370,6908,255.233,255.233,-6.667,97780
18.465,6909,254.887,254.887,-6.711,97781
18.881,6910,254.080,254.080,-6.750,97783
19.025,6911,254.044,254.044,-6.736,97785
19.186,6912,254.076,254.076,-6.709,97786
19.365,6913,254.160,254.160,-6.668,97788
19.561,6914,254.292,254.292,-6.613,97828
19.775,6915,254.473,254.473,-6.534,97830
20.013,6916,254.700,254.700,-6.427,97831
20.287,6917,254.950,254.950,-6.300,97833
21.233,6918,255.423,255.423,-5.850,97834
21.516,6919,255.489,255.489,-5.681,97836
21.774,6920,255.528,255.528,-5.502,97838
22.028,6921,255.529,255.529,-5.316,97839
22.290,6922,255.476,255.476,-5.126,97929
22.562,6923,255.369,255.369,-4.935,97931
22.832,6924,255.221,255.221,-4.735,97932
23.082,6925,255.034,255.034,-4.527,97934
23.643,6926,254.112,254.112,-3.871,97935
23.771,6927,253.702,253.702,-3.649,97937
23.886,6928,253.273,253.273,-3.422,97979
24.006,6929,251.998,251.998,-2.520,97980
24.051,6930,251.490,251.490,-2.143,97981
24.130,6931,250.919,250.919,-1.742,97983
24.231,6932,250.286,250.286,-1.328,97985
24.356,6933,249.597,249.597,-0.910,97986
24.477,6934,248.871,248.871,-0.500,97988
24.576,6935,248.103,248.103,-0.108,97990
24.649,6936,247.283,247.283,0.257,97991
24.671,6937,246.444,246.444,0.597,98078
24.633,6938,245.621,245.621,0.920,98080
24.560,6939,244.835,244.835,1.225,98081
24.452,6940,244.082,244.082,1.523,98083
24.315,6941,243.335,243.335,1.811,98085
24.167,6942,242.573,242.573,2.082,98087
23.999,6943,241.761,241.761,2.324,98088
23.803,6944,240.856,240.856,2.524,98090
23.578,6945,239.837,239.837,2.671,98091
23.313,6946,238.697,238.697,2.755,98228
23.000,6947,237.464,237.464,2.779,98230
22.661,6948,236.219,236.219,2.770,98279
22.315,6949,235.029,235.029,2.754,98281
21.996,6950,233.891,233.891,2.740,98283
21.691,6951,232.749,232.749,2.726,98329
21.364,6952,231.566,231.566,2.724,98332
21.051,6953,230.324,230.324,2.739,98336
20.728,6954,229.045,229.045,2.777,98378
20.396,6955,227.742,227.742,2.839,98379
20.066,6956,226.411,226.411,2.925,98381
19.746,6957,225.071,225.071,3.048,98383
19.450,6958,223.740,223.740,3.176,98384
19.171,6959,222.446,222.446,3.315,98386
18.884,6960,221.149,221.149,3.473,98388
18.627,6961,219.876,219.876,3.643,98429
18.397,6962,218.660,218.660,3.833,98430
18.187,6963,217.525,217.525,4.058,98432
18.003,6964,216.481,216.481,4.319,98434
17.853,6965,215.536,215.536,4.615,98435
17.726,6966,214.692,214.692,4.946,98437
17.627,6967,213.918,213.918,5.303,98439
17.366,6968,209.539,209.539,7.645,98440
17.273,6969,209.024,209.024,8.048,98442
16.960,6970,208.155,208.155,9.554,98479
16.877,6971,208.184,208.184,9.904,98480
16.785,6972,208.232,208.232,10.228,98482
16.624,6973,207.901,207.901,10.987,98483
16.513,6974,207.626,207.626,11.120,98678
16.361,6975,207.339,207.339,11.199,98680
15.566,6976,206.490,206.490,11.288,98681
15.417,6977,206.074,206.074,11.298,98682
15.317,6978,205.510,205.510,11.306,98729
15.322,6979,204.741,204.741,11.302,98730
15.416,6980,203.829,203.829,11.286,98731
15.468,6981,202.912,202.912,11.267,98733
15.441,6982,202.050,202.050,11.244,98735
15.382,6983,201.253,201.253,11.218,98736
15.347,6984,200.563,200.563,11.203,98738
15.317,6985,200.038,200.038,11.224,98828
15.210,6986,199.687,199.687,11.285,98830
15.036,6987,199.452,199.452,11.356,98831
14.857,6988,199.265,199.265,11.416,98833
14.641,6989,199.098,199.098,11.458,98835
14.359,6990,198.952,198.952,11.475,98836
14.025,6991,198.835,198.835,11.468,98838
13.629,6992,198.763,198.763,11.461,98840
13.290,6993,198.681,198.681,11.459,98841
13.183,6994,198.472,198.472,11.430,98928
13.090,6995,198.165,198.165,11.364,98978
13.891,6996,191.948,191.948,9.236,99129
13.734,6997,192.364,192.364,8.529,99131
13.612,6998,192.669,192.669,7.792,99179
13.472,6999,192.815,192.815,7.075,99229
13.311,7000,192.504,192.504,5.760,99232
13.346,7001,192.071,192.071,5.187,99280
13.431,7002,191.508,191.508,4.668,99378
13.541,7003,190.871,190.871,4.198,99379
13.679,7004,190.211,190.211,3.765,99381
13.841,7005,189.542,189.542,3.346,99383
13.980,7006,188.902,188.902,2.928,99384
14.116,7007,187.082,187.082,1.217,99386
14.044,7008,186.972,186.972,0.820,99388
13.930,7009,187.038,187.038,0.448,99389
13.797,7010,187.257,187.257,0.095,99391
13.686,7011,187.590,187.590,-0.245,99429
13.636,7012,187.999,187.999,-0.577,99431
13.642,7013,188.447,188.447,-0.907,99432
13.703,7014,188.896,188.896,-1.235,99528
13.811,7015,189.340,189.340,-1.564,99578
14.022,7016,190.297,190.297,-2.262,99580
14.209,7017,192.308,192.308,-3.680,99629
15.352,7018,194.484,194.484,-8.985,99630
15.418,7019,194.688,194.688,-9.281,99679
15.845,7020,195.490,195.490,-10.379,99680
16.523,7021,197.089,197.089,-11.402,99682
16.695,7022,197.472,197.472,-11.598,99729
17.269,7023,198.620,198.620,-12.511,100078
18.522,7024,200.878,200.878,-14.544,100081
18.677,7025,201.367,201.367,-14.636,100084
18.902,7026,201.981,201.981,-14.675,100086
19.199,7027,202.701,202.701,-14.649,100089
19.538,7028,203.482,203.482,-14.539,100091
19.895,7029,204.251,204.251,-14.344,100094
20.242,7030,204.955,204.955,-14.078,100097
20.589,7031,205.557,205.557,-13.748,100128
20.904,7032,206.072,206.072,-13.350,100131
21.134,7033,206.481,206.481,-12.901,100179
21.302,7034,206.741,206.741,-12.444,100180
21.439,7035,206.902,206.902,-11.992,100182
21.843,7036,207.578,207.578,-9.650,100183
22.545,7037,208.552,208.552,-6.369,100185
22.482,7038,208.721,208.721,-5.872,100187
21.122,7039,208.454,208.454,-4.529,100188
20.719,7040,207.941,207.941,-4.273,100190
19.104,7041,206.517,206.517,-2.946,100228
18.811,7042,206.456,206.456,-2.559,100278
18.595,7043,206.411,206.411,-2.182,100279
18.185,7044,205.996,205.996,-1.157,100328
14.301,7045,198.681,198.681,9.521,100330
14.251,7046,198.331,198.331,9.595,100331
14.258,7047,197.883,197.883,9.648,100379
14.327,7048,197.326,197.326,9.689,100380
14.424,7049,196.694,196.694,9.731,100382
14.519,7050,196.059,196.059,9.788,100383
14.579,7051,195.460,195.460,9.871,100385
14.573,7052,194.858,194.858,9.980,100387
14.564,7053,194.255,194.255,10.106,100389
14.614,7054,193.722,193.722,10.256,100390
14.697,7055,193.330,193.330,10.443,100392
14.730,7056,193.089,193.089,10.668,100429
14.688,7057,192.978,192.978,10.909,100430
14.589,7058,192.981,192.981,11.136,100431
14.439,7059,193.081,193.081,11.332,100479
14.242,7060,193.226,193.226,11.490,100487
14.036,7061,193.390,193.390,11.612,100578
13.827,7062,193.578,193.578,11.708,100679
13.562,7063,193.810,193.810,11.790,100680
12.966,7064,194.459,194.459,11.882,100681
12.699,7065,194.912,194.912,11.885,100683
11.970,7066,196.252,196.252,11.357,100685
11.823,7067,195.845,195.845,11.241,100686
11.915,7068,195.150,195.150,11.207,100728
12.513,7069,192.606,192.606,11.379,100729
12.592,7070,192.054,192.054,11.367,100731
12.669,7071,191.762,191.762,11.182,100733
12.635,7072,191.803,191.803,10.797,100734
12.522,7073,192.212,192.212,10.210,100736
12.323,7074,192.883,192.883,9.443,100779
12.083,7075,193.619,193.619,8.598,100780
11.875,7076,194.182,194.182,7.819,100782
11.783,7077,194.345,194.345,7.159,100783
11.785,7078,194.121,194.121,6.613,100785
11.829,7079,193.679,193.679,6.166,100786
11.891,7080,193.141,193.141,5.789,100788
11.961,7081,192.584,192.584,5.464,100878
12.049,7082,192.029,192.029,5.169,100880
13.043,7083,189.428,189.428,2.524,100881
12.777,7084,197.088,197.088,-0.829,100883
12.839,7085,197.809,197.809,-1.267,100885
12.893,7086,198.474,198.474,-1.692,100929
12.969,7087,199.083,199.083,-2.096,100978
13.085,7088,199.628,199.628,-2.481,100981
13.246,7089,200.105,200.105,-2.855,100983
13.439,7090,200.500,200.500,-3.219,101028
13.628,7091,200.796,200.796,-3.570,101030
13.790,7092,200.969,200.969,-3.912,101031
13.947,7093,201.004,201.004,-4.240,101033
14.095,7094,200.928,200.928,-4.552,101035
14.205,7095,200.819,200.819,-4.845,101037
14.278,7096,200.724,200.724,-5.127,101038
14.319,7097,200.652,200.652,-5.404,101040
14.340,7098,200.621,200.621,-5.677,101041
14.354,7099,200.644,200.644,-5.942,101078
