7.099,9100,226.043,226.043,12.386,133487
7.137,9101,225.186,225.186,12.779,133529
7.206,9102,224.408,224.408,13.141,133531
7.238,9103,223.741,223.741,13.457,133532
7.215,9104,223.243,223.243,13.718,133534
7.175,9105,222.928,222.928,13.922,133535
7.106,9106,222.740,222.740,14.068,133579
6.992,9107,222.601,222.601,14.152,133580
6.856,9108,222.464,222.464,14.202,133629
6.761,9109,222.268,222.268,14.252,133630
6.803,9110,221.893,221.893,14.322,133632
7.047,9111,221.232,221.232,14.412,133679
7.371,9112,220.428,220.428,14.492,133681
7.538,9113,219.821,219.821,14.545,133682
7.523,9114,219.558,219.558,14.579,133684
7.384,9115,219.495,219.495,14.616,133686
7.197,9116,219.426,219.426,14.669,133688
7.069,9117,219.236,219.236,14.728,133689
7.081,9118,218.893,218.893,14.805,133691
7.181,9119,218.441,218.441,14.921,133692
7.183,9120,217.937,217.937,15.065,133729
6.985,9121,217.333,217.333,15.183,133731
6.599,9122,216.622,216.622,15.219,133732
6.368,9123,215.905,215.905,15.193,133734
6.545,9124,215.175,215.175,15.211,133735
6.761,9125,214.391,214.391,15.353,133737
6.957,9126,213.653,213.653,15.551,133779
7.173,9127,212.993,212.993,15.709,133781
7.367,9128,212.338,212.338,15.757,133829
7.531,9129,211.770,211.770,15.631,133832
7.588,9130,211.309,211.309,15.316,133879
7.375,9131,211.040,211.040,14.802,133881
7.173,9132,211.019,211.019,14.128,133882
7.150,9133,211.121,211.121,13.367,133884
7.162,9134,211.249,211.249,12.579,133886
7.127,9135,211.365,211.365,11.805,133887
7.072,9136,211.427,211.427,11.063,133929
7.045,9137,211.430,211.430,10.390,133930
7.063,9138,211.345,211.345,9.788,133932
7.137,9139,211.153,211.153,9.246,133933
7.225,9140,210.868,210.868,8.750,133935
7.322,9141,210.528,210.528,8.279,133937
7.454,9142,210.158,210.158,7.820,134128
7.616,9143,209.772,209.772,7.368,134130
7.791,9144,209.401,209.401,6.926,134131
7.940,9145,209.049,209.049,6.499,134133
8.085,9146,208.701,208.701,6.087,134135
8.212,9147,208.414,208.414,5.688,134136
8.291,9148,208.250,208.250,5.311,134138
8.319,9149,208.241,208.241,4.959,134140
8.246,9150,208.417,208.417,4.624,134141
8.086,9151,208.768,208.768,4.294,134230
7.935,9152,209.252,209.252,3.963,134231
7.798,9153,209.839,209.839,3.631,134233
7.658,9154,210.515,210.515,3.291,134234
7.558,9155,211.235,211.235,2.930,134236
7.514,9156,211.946,211.946,2.544,134238
7.516,9157,212.666,212.666,2.128,134239
7.531,9158,213.435,213.435,1.671,134241
7.539,9159,214.230,214.230,1.182,134242
7.560,9160,214.992,214.992,0.667,134279
7.614,9161,215.682,215.682,0.132,134281
7.680,9162,216.271,216.271,-0.416,134282
7.756,9163,216.700,216.700,-0.963,134284
9.418,9164,212.912,212.912,-7.329,134529
9.568,9165,212.771,212.771,-7.960,134530
9.733,9166,212.726,212.726,-8.567,134532
9.900,9167,212.784,212.784,-9.142,134533
10.074,9168,212.948,212.948,-9.672,134535
10.268,9169,213.169,213.169,-10.141,134537
10.522,9170,213.403,213.403,-10.557,134538
10.792,9171,213.639,213.639,-10.923,134540
11.020,9172,213.853,213.853,-11.244,134580
11.320,9173,214.166,214.166,-11.806,134582
11.395,9174,214.276,214.276,-12.066,134585
11.458,9175,214.351,214.351,-12.321,134588
11.506,9176,214.393,214.393,-12.578,134590
11.544,9177,214.433,214.433,-12.835,134593
11.604,9178,214.506,214.506,-13.094,134596
11.702,9179,214.637,214.637,-13.351,134599
11.832,9180,214.823,214.823,-13.606,134630
11.994,9181,215.030,215.030,-13.860,134632
12.167,9182,215.246,215.246,-14.119,134635
12.341,9183,215.460,215.460,-14.384,134680
12.530,9184,215.667,215.667,-14.661,134681
12.730,9185,215.875,215.875,-14.946,134683
13.979,9186,219.814,219.814,-13.944,134685
13.448,9187,219.617,219.617,-13.227,134686
12.902,9188,219.455,219.455,-12.433,134688
12.419,9189,219.303,219.303,-11.599,134689
12.055,9190,219.105,219.105,-10.760,134729
11.837,9191,218.762,218.762,-9.942,134780
11.688,9192,218.301,218.301,-9.144,134781
11.594,9193,217.817,217.817,-8.367,134782
11.514,9194,217.385,217.385,-7.604,134784
11.406,9195,217.105,217.105,-6.839,134786
11.222,9196,217.013,217.013,-6.068,134787
10.916,9197,217.053,217.053,-5.292,134789
10.511,9198,217.173,217.173,-4.515,134791
9.980,9199,217.373,217.373,-3.732,134792
9.308,9200,217.649,217.649,-2.932,134830
8.587,9201,217.991,217.991,-2.099,134832
7.937,9202,218.370,218.370,-1.237,134835
7.522,9203,218.757,218.757,-0.388,134838
7.445,9204,219.023,219.023,0.415,134840
7.575,9205,219.002,219.002,1.201,134879
7.719,9206,218.669,218.669,1.971,134880
7.817,9207,218.078,218.078,2.725,134882
7.804,9208,217.320,217.320,3.485,134883
7.717,9209,216.495,216.495,4.250,134885
7.559,9210,215.683,215.683,4.998,134886
7.327,9211,214.918,214.918,5.721,134888
7.094,9212,214.232,214.232,6.429,134890
6.838,9213,213.697,213.697,7.137,134891
6.477,9214,213.355,213.355,7.855,134979
6.071,9215,213.126,213.126,8.565,134980
5.796,9216,212.924,212.924,9.265,135179
5.594,9217,212.711,212.711,9.929,135181
5.476,9218,212.515,212.515,10.541,135182
5.426,9219,212.369,212.369,11.131,135184
5.301,9220,212.233,212.233,11.711,135185
5.100,9221,212.106,212.106,12.256,135187
4.889,9222,212.006,212.006,12.741,135189
4.639,9223,211.876,211.876,13.190,135190
4.447,9224,211.679,211.679,13.625,135192
4.245,9225,211.455,211.455,14.047,135229
4.024,9226,211.221,211.221,14.448,135230
3.896,9227,210.939,210.939,14.829,135232
3.879,9228,210.603,210.603,15.199,135234
3.909,9229,210.258,210.258,15.537,135235
3.914,9230,209.995,209.995,15.820,135237
3.935,9231,209.782,209.782,16.058,135238
4.023,9232,209.596,209.596,16.254,135378
4.118,9233,209.465,209.465,16.390,135382
4.193,9234,209.313,209.313,16.477,135384
4.296,9235,209.051,209.051,16.531,135387
4.437,9236,208.708,208.708,16.551,135389
4.585,9237,208.364,208.364,16.524,135392
3.983,9238,207.156,207.156,15.309,135395
4.021,9239,206.896,206.896,15.291,135480
4.399,9240,206.355,206.355,15.243,135529
4.439,9241,205.624,205.624,15.269,135531
4.501,9242,204.924,204.924,15.343,135533
4.855,9243,204.372,204.372,15.401,135536
5.052,9244,204.021,204.021,15.480,135538
5.039,9245,203.831,203.831,15.563,135541
4.995,9246,203.698,203.698,15.553,135580
4.973,9247,203.572,203.572,15.342,135583
5.042,9248,203.601,203.601,14.905,135584
5.205,9249,203.871,203.871,14.289,135586
5.295,9250,204.326,204.326,13.549,135587
5.329,9251,204.834,204.834,12.707,135589
5.354,9252,205.213,205.213,11.836,135591
5.329,9253,205.400,205.400,11.033,135592
5.726,9254,204.743,204.743,8.750,135594
5.879,9255,204.271,204.271,8.368,135629
6.073,9256,203.736,203.736,8.013,135679
6.294,9257,203.137,203.137,7.678,135687
6.513,9258,202.482,202.482,7.354,135688
6.732,9259,201.818,201.818,7.029,135690
6.924,9260,201.223,201.223,6.705,135691
7.216,9261,200.111,200.111,5.421,135693
6.684,9262,203.175,203.175,3.441,135695
6.584,9263,204.181,204.181,2.977,135696
6.497,9264,205.214,205.214,2.506,135729
6.438,9265,206.234,206.234,2.041,135730
6.451,9266,207.158,207.158,1.579,135732
6.552,9267,207.946,207.946,1.114,135733
6.694,9268,208.608,208.608,0.651,135735
6.837,9269,209.153,209.153,0.191,135737
6.981,9270,209.559,209.559,-0.259,135878
7.147,9271,209.808,209.808,-0.688,135880
7.327,9272,209.899,209.899,-1.092,135881
7.502,9273,209.854,209.854,-1.480,135883
7.664,9274,209.714,209.714,-1.860,135884
7.812,9275,209.511,209.511,-2.231,135929
7.944,9276,209.255,209.255,-2.596,136029
8.068,9277,208.962,208.962,-2.961,136031
8.177,9278,208.675,208.675,-3.335,136032
8.269,9279,208.441,208.441,-3.722,136034
8.354,9280,208.285,208.285,-4.120,136035
8.448,9281,208.217,208.217,-4.529,136037
8.558,9282,208.245,208.245,-4.950,136039
8.705,9283,208.353,208.353,-5.385,136040
8.880,9284,208.507,208.507,-5.834,136079
9.085,9285,208.663,208.663,-6.298,136129
9.316,9286,208.781,208.781,-6.768,136131
9.568,9287,208.882,208.882,-7.238,136132
9.818,9288,208.990,208.990,-7.704,136134
10.032,9289,209.110,209.110,-8.156,136135
10.216,9290,209.250,209.250,-8.577,136137
10.398,9291,209.408,209.408,-8.966,136139
11.157,9292,209.797,209.797,-10.959,136179
11.221,9293,209.623,209.623,-11.253,136180
11.327,9294,209.433,209.433,-11.548,136229
11.443,9295,209.298,209.298,-11.840,136230
11.552,9296,209.269,209.269,-12.120,136232
11.666,9297,209.349,209.349,-12.388,136234
13.527,9298,213.332,213.332,-14.699,136235
13.698,9299,213.854,213.854,-14.899,136237
13.887,9300,214.394,214.394,-15.087,136239
14.095,9301,214.952,214.952,-15.248,136240
14.282,9302,215.480,215.480,-15.361,136242
14.471,9303,215.933,215.933,-15.421,136279
14.644,9304,216.285,216.285,-15.405,136329
14.762,9305,216.476,216.476,-15.298,136332
14.823,9306,216.482,216.482,-15.113,136334
14.692,9307,216.185,216.185,-14.519,136336
14.518,9308,215.892,215.892,-14.122,136339
14.349,9309,215.528,215.528,-13.700,136341
14.155,9310,215.220,215.220,-13.245,136428
13.884,9311,215.031,215.031,-12.725,136430
13.577,9312,215.004,215.004,-12.116,136479
13.314,9313,215.152,215.152,-11.413,136480
13.164,9314,215.410,215.410,-10.643,136482
13.147,9315,215.693,215.693,-9.850,136483
13.345,9316,216.122,216.122,-8.322,136485
13.484,9317,216.356,216.356,-7.605,136529
13.569,9318,216.713,216.713,-6.901,136531
13.540,9319,217.228,217.228,-6.205,136532
13.409,9320,217.847,217.847,-5.523,136534
13.203,9321,218.490,218.490,-4.851,136535
12.925,9322,219.109,219.109,-4.179,136537
12.593,9323,219.663,219.663,-3.507,136539
12.238,9324,220.145,220.145,-2.837,136540
11.886,9325,220.575,220.575,-2.175,136679
11.503,9326,220.966,220.966,-1.529,136680
11.135,9327,221.281,221.281,-0.902,136682
10.889,9328,221.460,221.460,-0.298,136683
10.820,9329,221.420,221.420,0.293,136685
10.794,9330,221.122,221.122,0.871,136686
10.689,9331,220.564,220.564,1.428,136779
9.797,9332,216.801,216.801,3.444,136829
9.551,9333,215.805,215.805,3.914,136979
8.779,9334,212.265,212.265,5.848,136980
8.530,9335,211.573,211.573,6.378,137229
8.279,9336,210.918,210.918,6.907,137231
8.043,9337,210.279,210.279,7.431,137330
7.829,9338,209.690,209.690,7.966,137332
7.611,9339,209.156,209.156,8.517,137334
7.384,9340,208.667,208.667,9.082,137379
7.149,9341,208.171,208.171,9.644,137381
6.943,9342,207.627,207.627,10.201,137383
6.771,9343,207.007,207.007,10.748,137386
6.644,9344,206.298,206.298,11.284,137429
6.461,9345,205.505,205.505,11.812,137430
6.360,9346,204.696,204.696,12.318,137479
5.696,9347,198.340,198.340,15.305,137481
5.686,9348,197.542,197.542,15.543,137482
5.710,9349,196.641,196.641,15.782,137484
5.763,9350,195.622,195.622,16.021,137485
5.857,9351,194.484,194.484,16.256,137487
6.013,9352,193.232,193.232,16.475,137489
7.914,9353,185.364,185.364,17.208,137490
11.413,9354,175.968,175.968,16.915,137492
17.599,9355,158.411,158.411,13.126,137529
17.385,9356,157.959,157.959,12.353,137531
15.953,9357,143.255,143.255,3.202,137532
16.196,9358,142.377,142.377,2.835,137533
16.147,9359,136.525,136.525,-0.684,137535
16.282,9360,135.420,135.420,-1.017,137537
16.360,9361,134.181,134.181,-1.295,137538
16.351,9362,130.341,130.341,-1.914,137540
16.304,9363,129.173,129.173,-2.088,137541
16.233,9364,128.058,128.058,-2.237,137629
16.123,9365,127.016,127.016,-2.363,137630
15.871,9366,125.204,125.204,-2.549,137632
15.765,9367,124.419,124.419,-2.620,137679
15.414,9368,122.046,122.046,-2.874,137681
15.364,9369,121.638,121.638,-2.958,137682
15.323,9370,121.292,121.292,-3.049,137684
15.312,9371,120.881,120.881,-3.149,137685
15.366,9372,120.285,120.285,-3.273,137687
15.425,9373,119.474,119.474,-3.414,137689
15.415,9374,118.499,118.499,-3.556,137690
15.361,9375,117.417,117.417,-3.711,137692
15.278,9376,116.296,116.296,-3.888,137829
15.156,9377,115.224,115.224,-4.077,137929
15.035,9378,114.255,114.255,-4.275,137980
14.925,9379,113.380,113.380,-4.480,137981
14.812,9380,112.556,112.556,-4.692,137982
14.734,9381,111.765,111.765,-4.894,138179
14.701,9382,110.983,110.983,-5.092,138181
14.714,9383,110.154,110.154,-5.280,138229
14.821,9384,109.205,109.205,-5.464,138232
14.950,9385,108.119,108.119,-5.633,138234
15.047,9386,106.932,106.932,-5.781,138237
15.124,9387,105.733,105.733,-5.907,138239
15.160,9388,104.679,104.679,-6.012,138280
15.145,9389,103.900,103.900,-6.086,138282
15.108,9390,103.388,103.388,-6.119,138285
15.085,9391,103.089,103.089,-6.112,138287
15.088,9392,102.942,102.942,-6.078,138290
15.125,9393,102.882,102.882,-6.042,138529
15.195,9394,102.832,102.832,-6.018,138530
15.279,9395,102.742,102.742,-6.002,138531
15.344,9396,102.593,102.593,-5.977,138532
15.427,9397,102.392,102.392,-5.933,138580
16.261,9398,101.452,101.452,-5.589,138581
19.026,9399,102.459,102.459,-5.060,138629
20.562,9400,102.674,102.674,-4.067,138630
20.724,9401,102.575,102.575,-3.762,138631
20.829,9402,102.421,102.421,-3.436,138679
20.077,9403,96.959,96.959,4.943,138680
19.709,9404,96.121,96.121,5.190,138829
17.979,9405,91.503,91.503,5.748,138830
17.588,9406,90.293,90.293,5.867,138880
17.222,9407,89.036,89.036,5.989,138881
16.905,9408,87.678,87.678,6.101,138979
16.610,9409,86.192,86.192,6.202,138980
16.300,9410,84.587,84.587,6.312,139079
16.004,9411,82.921,82.921,6.429,139081
15.680,9412,81.211,81.211,6.566,139179
15.419,9413,79.491,79.491,6.707,139181
15.199,9414,77.788,77.788,6.852,139184
11.337,9415,52.510,52.510,12.762,139186
11.325,9416,51.627,51.627,13.050,139188
11.421,9417,50.763,50.763,13.321,139190
11.486,9418,49.963,49.963,13.555,139191
11.587,9419,48.491,48.491,13.892,139229
11.675,9420,47.861,47.861,14.034,139232
10.348,9421,47.775,47.775,14.708,139234
9.874,9422,48.034,48.034,14.848,139236
9.459,9423,48.280,48.280,14.946,139240
8.304,9424,48.821,48.821,15.005,139242
8.018,9425,48.893,48.893,14.969,139330
9.141,9426,42.062,42.062,14.767,139331
8.993,9427,42.210,42.210,14.521,139332
8.141,9428,46.098,46.098,11.815,139379
7.937,9429,47.142,47.142,10.948,139380
9.585,9430,45.996,45.996,8.140,139382
9.778,9431,45.897,45.897,7.919,139383
9.956,9432,49.888,49.888,5.311,139384
10.270,9433,50.335,50.335,4.917,139386
11.720,9434,53.240,53.240,1.094,139387
11.900,9435,53.309,53.309,0.602,139388
9.513,9436,53.584,53.584,2.467,139389
9.740,9437,53.586,53.586,1.928,139429
9.975,9438,53.604,53.604,1.391,139629
10.211,9439,53.642,53.642,0.845,139630
10.436,9440,53.702,53.702,0.310,139679
10.691,9441,53.769,53.769,-0.221,139680
10.987,9442,53.824,53.824,-0.742,139729
11.316,9443,53.848,53.848,-1.252,139730
11.674,9444,53.828,53.828,-1.746,139732
12.039,9445,53.755,53.755,-2.227,139733
12.381,9446,53.612,53.612,-2.700,139735
13.185,9447,52.739,52.739,-4.113,139736
13.401,9448,52.368,52.368,-4.557,139737
13.577,9449,52.020,52.020,-4.961,139738
13.960,9450,51.336,51.336,-5.820,139929
14.144,9451,51.378,51.378,-6.015,139930
14.354,9452,51.582,51.582,-6.191,140130
14.647,9453,51.884,51.884,-6.384,140132
14.926,9454,52.247,52.247,-6.616,140133
15.175,9455,52.636,52.636,-6.883,140179
15.430,9456,53.027,53.027,-7.160,140181
15.718,9457,53.428,53.428,-7.416,140229
15.964,9458,53.941,53.941,-7.615,140230
16.143,9459,54.663,54.663,-7.735,140231
17.534,9460,62.721,62.721,-3.077,140232
17.173,9461,62.519,62.519,-2.385,140234
16.105,9462,61.353,61.353,0.335,140329
15.898,9463,61.073,61.073,0.976,140331
14.141,9464,61.758,61.758,3.258,140332
13.548,9465,62.248,62.248,3.735,140333
12.946,9466,62.729,62.729,4.181,140335
12.371,9467,63.161,63.161,4.609,140336
11.890,9468,63.479,63.479,5.020,140337
11.535,9469,63.638,63.638,5.408,140338
11.300,9470,63.629,63.629,5.776,140379
11.155,9471,63.454,63.454,6.121,140380
9.251,9472,54.027,54.027,10.941,140381
9.159,9473,53.259,53.259,11.402,140382
7.721,9474,43.290,43.290,16.897,140480
7.455,9475,43.019,43.019,17.093,140481
7.263,9476,42.705,42.705,17.302,140482
7.041,9477,41.595,41.595,17.919,140483
6.914,9478,41.214,41.214,18.074,140485
6.180,9479,40.227,40.227,18.360,140486
5.992,9480,40.171,40.171,18.358,140487
5.779,9481,40.174,40.174,18.323,140488
5.591,9482,40.185,40.185,18.247,140529
5.586,9483,40.144,40.144,17.913,140530
4.843,9484,40.192,40.192,16.500,140630
4.504,9485,40.485,40.485,16.094,140631
4.515,9486,40.668,40.668,15.713,140680
4.754,9487,40.484,40.484,15.455,140686
4.994,9488,39.812,39.812,15.419,140729
5.352,9489,38.759,38.759,15.598,140829
6.047,9490,37.458,37.458,15.912,140830
6.862,9491,36.232,36.232,16.325,140831
7.364,9492,35.321,35.321,16.760,140880
7.445,9493,34.939,34.939,17.043,140881
7.218,9494,35.217,35.217,17.016,140882
6.742,9495,36.038,36.038,16.665,140883
5.554,9496,39.952,39.952,13.533,140885
5.292,9497,40.331,40.331,12.924,140886
5.316,9498,40.457,40.457,12.514,140887
5.627,9499,40.310,40.310,12.231,140888
5.910,9500,39.997,39.997,12.030,140890
6.174,9501,39.556,39.556,11.892,140930
6.521,9502,39.019,39.019,11.785,140932
6.801,9503,38.446,38.446,11.675,140979
7.032,9504,37.867,37.867,11.530,140982
7.193,9505,37.351,37.351,11.339,140984
7.743,9506,38.352,38.352,9.151,140986
7.881,9507,39.071,39.071,8.609,141029
8.705,9508,42.149,42.149,6.264,141030
8.872,9509,42.765,42.765,5.678,141031
9.618,9510,44.158,44.158,3.369,141033
11.812,9511,41.911,41.911,-1.683,141034
11.958,9512,42.147,42.147,-2.153,141035
12.177,9513,42.443,42.443,-2.642,141036
13.161,9514,43.290,43.290,-4.215,141038
13.484,9515,43.641,43.641,-4.706,141039
13.733,9516,44.095,44.095,-5.146,141079
14.002,9517,44.596,44.596,-5.541,141080
14.350,9518,45.050,45.050,-5.909,141082
14.715,9519,45.381,45.381,-6.251,141083
15.009,9520,45.536,45.536,-6.564,141129
15.162,9521,45.504,45.504,-6.813,141178
15.231,9522,45.290,45.290,-6.987,141229
15.272,9523,45.008,45.008,-7.103,141230
15.323,9524,44.800,44.800,-7.195,141232
15.350,9525,44.696,44.696,-7.297,141233
15.360,9526,44.762,44.762,-7.418,141235
15.340,9527,45.074,45.074,-7.545,141236
15.339,9528,45.670,45.670,-7.662,141237
15.419,9529,46.515,46.515,-7.737,141238
15.581,9530,47.564,47.564,-7.751,141240
15.779,9531,48.749,48.749,-7.699,141279
15.959,9532,50.002,50.002,-7.582,141280
16.140,9533,51.203,51.203,-7.400,141282
16.414,9534,52.174,52.174,-7.197,141283
16.809,9535,52.862,52.862,-7.014,141285
17.158,9536,53.297,53.297,-6.828,141286
17.461,9537,53.491,53.491,-6.638,141287
17.707,9538,53.539,53.539,-6.448,141328
17.837,9539,53.531,53.531,-6.254,141330
17.870,9540,53.489,53.489,-6.052,141331
17.819,9541,53.440,53.440,-5.830,141333
17.712,9542,53.422,53.422,-5.565,141334
17.620,9543,53.428,53.428,-5.240,141336
17.320,9544,54.098,54.098,-2.516,141337
17.367,9545,54.164,54.164,-1.826,141338
17.449,9546,54.134,54.134,-1.137,141339
17.542,9547,54.043,54.043,-0.478,141428
17.626,9548,53.941,53.941,0.148,141430
17.639,9549,53.900,53.900,0.742,141431
17.545,9550,53.954,53.954,1.310,141432
17.337,9551,54.082,54.082,1.855,141434
16.997,9552,54.238,54.238,2.379,141435
16.531,9553,54.381,54.381,2.887,141436
15.983,9554,54.480,54.480,3.373,141529
15.370,9555,54.506,54.506,3.821,141530
14.684,9556,54.445,54.445,4.244,141532
14.038,9557,54.291,54.291,4.658,141533
13.530,9558,54.040,54.040,5.078,141534
13.168,9559,53.718,53.718,5.511,141536
12.918,9560,53.348,53.348,5.948,141579
12.789,9561,52.892,52.892,6.380,141580
12.769,9562,52.251,52.251,6.799,141582
12.812,9563,51.335,51.335,7.197,141583
12.837,9564,50.150,50.150,7.586,141585
12.815,9565,48.783,48.783,7.983,141586
12.746,9566,47.351,47.351,8.391,141587
12.643,9567,45.947,45.947,8.803,141589
12.529,9568,44.603,44.603,9.212,141679
12.431,9569,43.286,43.286,9.616,141680
12.346,9570,41.997,41.997,10.015,141682
12.240,9571,40.760,40.760,10.406,141683
12.127,9572,39.560,39.560,10.792,141684
12.017,9573,38.390,38.390,11.170,141685
11.896,9574,37.264,37.264,11.540,141780
11.722,9575,36.191,36.191,11.908,141782
11.558,9576,35.180,35.180,12.286,141784
11.394,9577,34.217,34.217,12.681,141786
11.230,9578,33.314,33.314,13.120,141788
10.936,9579,32.445,32.445,13.609,141790
10.516,9580,31.554,31.554,14.076,141792
10.346,9581,30.683,30.683,14.515,141795
10.307,9582,29.703,29.703,14.943,141797
10.273,9583,28.569,28.569,15.361,141830
10.364,9584,27.276,27.276,15.758,141833
10.487,9585,25.861,25.861,16.122,141836
10.623,9586,24.411,24.411,16.460,141839
10.722,9587,22.909,22.909,16.777,141842
10.782,9588,21.353,21.353,17.073,141879
10.860,9589,19.746,19.746,17.340,141881
10.995,9590,18.090,18.090,17.593,141884
11.198,9591,16.368,16.368,17.839,141886
11.553,9592,14.554,14.554,18.090,141888
12.008,9593,12.603,12.603,18.344,141890
12.540,9594,10.497,10.497,18.590,141892
13.314,9595,8.184,8.184,18.796,141980
16.887,9596,357.865,357.865,18.859,141981
17.664,9597,355.228,355.228,18.670,141982
18.397,9598,352.535,352.535,18.361,142179
19.067,9599,349.912,349.912,17.938,142180
19.527,9600,347.552,347.552,17.457,142182
19.862,9601,345.483,345.483,17.004,142183
20.070,9602,343.688,343.688,16.628,142185
20.244,9603,342.166,342.166,16.334,142186
20.379,9604,340.836,340.836,16.130,142187
20.401,9605,339.488,339.488,15.980,142188
20.356,9606,338.061,338.061,15.840,142190
20.234,9607,336.664,336.664,15.683,142229
19.975,9608,335.398,335.398,15.468,142230
19.401,9609,334.305,334.305,15.121,142231
18.705,9610,333.435,333.435,14.736,142232
19.125,9611,332.606,332.606,14.508,142235
19.817,9612,331.767,331.767,14.404,142236
19.582,9613,331.064,331.064,14.434,142239
19.228,9614,330.496,330.496,14.517,142329
19.089,9615,330.026,330.026,14.482,142330
19.078,9616,329.517,329.517,14.217,142332
19.189,9617,328.989,328.989,13.723,142333
19.356,9618,328.644,328.644,13.064,142335
19.478,9619,328.498,328.498,12.322,142337
20.503,9620,315.662,315.662,6.086,142338
20.625,9621,315.103,315.103,5.828,142340
20.577,9622,314.853,314.853,5.616,142380
20.387,9623,314.774,314.774,5.448,142381
19.991,9624,314.759,314.759,5.251,142383
19.640,9625,314.755,314.755,4.993,142384
19.432,9626,314.739,314.739,4.701,142386
19.338,9627,314.681,314.681,4.389,142388
19.373,9628,314.561,314.561,4.053,142389
19.495,9629,314.351,314.351,3.678,142391
19.641,9630,313.936,313.936,3.241,142392
19.816,9631,313.208,313.208,2.740,142480
19.991,9632,312.129,312.129,2.191,142481
20.119,9633,310.751,310.751,1.611,142483
20.211,9634,309.176,309.176,1.016,142484
20.248,9635,307.512,307.512,0.419,142486
20.210,9636,305.793,305.793,-0.175,142487
20.100,9637,303.976,303.976,-0.783,142489
19.898,9638,302.182,302.182,-1.362,142491
19.635,9639,300.480,300.480,-1.878,142492
19.380,9640,298.848,298.848,-2.348,142730
19.117,9641,297.279,297.279,-2.781,142732
18.903,9642,295.768,295.768,-3.173,142735
18.778,9643,294.262,294.262,-3.531,142737
18.706,9644,292.768,292.768,-3.854,142740
18.625,9645,291.301,291.301,-4.143,142742
18.476,9646,289.929,289.929,-4.382,142779
18.358,9647,288.679,288.679,-4.600,142782
18.243,9648,287.635,287.635,-4.793,142785
18.182,9649,286.890,286.890,-4.942,142787
18.178,9650,286.449,286.449,-5.064,142790
18.180,9651,286.277,286.277,-5.161,142792
18.192,9652,286.248,286.248,-5.249,142795
18.233,9653,286.261,286.261,-5.339,142798
18.323,9654,286.273,286.273,-5.432,142829
18.424,9655,286.209,286.209,-5.527,142832
18.502,9656,285.980,285.980,-5.627,142833
18.590,9657,285.539,285.539,-5.738,142835
18.699,9658,284.914,284.914,-5.859,142837
18.791,9659,284.159,284.159,-5.985,142838
18.864,9660,283.359,283.359,-6.111,142840
18.929,9661,282.592,282.592,-6.241,142841
22.261,9662,278.506,278.506,-9.000,142930
22.675,9663,278.629,278.629,-8.975,142931
23.102,9664,278.792,278.792,-8.893,142933
23.515,9665,278.972,278.972,-8.751,142934
23.903,9666,279.120,279.120,-8.558,142936
24.274,9667,279.205,279.205,-8.336,142938
24.630,9668,279.240,279.240,-8.099,142939
24.954,9669,279.269,279.269,-7.834,142941
25.201,9670,279.305,279.305,-7.527,143029
25.361,9671,279.309,279.309,-7.184,143031
25.476,9672,279.228,279.228,-6.830,143032
25.583,9673,279.047,279.047,-6.461,143034
25.649,9674,278.786,278.786,-6.074,143036
25.648,9675,278.454,278.454,-5.658,143037
25.610,9676,278.055,278.055,-5.204,143079
25.570,9677,277.614,277.614,-4.696,143080
25.517,9678,277.163,277.163,-4.131,143082
25.476,9679,276.692,276.692,-3.525,143083
25.467,9680,276.172,276.172,-2.901,143085
25.491,9681,275.582,275.582,-2.276,143179
25.515,9682,274.933,274.933,-1.668,143181
25.520,9683,274.226,274.226,-1.077,143182
25.493,9684,273.466,273.466,-0.526,143184
25.407,9685,272.631,272.631,-0.032,143186
25.257,9686,271.676,271.676,0.382,143187
25.048,9687,270.554,270.554,0.693,143189
24.772,9688,269.270,269.270,0.891,143191
24.411,9689,267.903,267.903,0.994,143229
23.954,9690,266.542,266.542,1.039,143231
23.393,9691,265.241,265.241,1.069,143232
22.763,9692,264.000,264.000,1.113,143234
22.091,9693,262.761,262.761,1.204,143235
21.411,9694,261.519,261.519,1.346,143237
20.775,9695,260.265,260.265,1.544,143379
20.151,9696,259.008,259.008,1.787,143380
19.563,9697,257.759,257.759,2.055,143382
19.061,9698,256.476,256.476,2.341,143383
18.607,9699,255.164,255.164,2.631,143385
18.179,9700,253.819,253.819,2.944,143480
17.798,9701,252.465,252.465,3.264,143481
17.412,9702,251.162,251.162,3.604,143483
16.351,9703,246.574,246.574,5.153,143485
16.109,9704,245.537,245.537,5.592,143486
15.877,9705,244.508,244.508,6.036,143488
15.663,9706,243.460,243.460,6.471,143489
15.459,9707,242.381,242.381,6.909,143491
15.312,9708,241.280,241.280,7.353,143493
15.201,9709,240.217,240.217,7.803,143529
14.984,9710,239.121,239.121,8.240,143531
14.735,9711,238.029,238.029,8.647,143532
14.644,9712,236.943,236.943,9.008,143534
14.668,9713,235.927,235.927,9.343,143536
14.482,9714,235.038,235.038,9.657,143539
14.234,9715,234.270,234.270,9.958,143542
14.088,9716,233.570,233.570,10.247,143544
12.579,9717,230.287,230.287,11.558,143580
12.421,9718,229.600,229.600,11.671,143582
12.322,9719,228.822,228.822,11.784,143585
12.358,9720,227.896,227.896,11.892,143588
12.516,9721,226.764,226.764,12.003,143590
12.952,9722,220.638,220.638,12.641,143592
12.891,9723,220.131,220.131,12.733,143595
12.769,9724,219.657,219.657,12.800,143630
12.600,9725,219.200,219.200,12.843,143632
12.425,9726,218.797,218.797,12.883,143680
12.232,9727,218.465,218.465,12.946,143681
12.031,9728,218.121,218.121,13.037,143682
11.836,9729,217.698,217.698,13.131,143729
11.578,9730,217.248,217.248,13.212,143730
11.263,9731,216.827,216.827,13.264,143779
11.113,9732,216.348,216.348,13.260,143780
11.000,9733,215.747,215.747,13.230,143782
10.789,9734,214.854,214.854,13.261,143829
10.820,9735,213.498,213.498,13.399,143880
11.287,9736,211.980,211.980,13.621,143881
11.789,9737,210.698,210.698,13.857,143883
12.040,9738,209.667,209.667,14.001,143884
12.276,9739,208.813,208.813,13.999,143886
12.479,9740,208.218,208.218,13.805,143888
12.430,9741,208.037,208.037,13.352,143889
12.199,9742,208.317,208.317,12.612,143891
11.923,9743,208.853,208.853,11.663,143892
11.583,9744,209.341,209.341,10.684,143929
11.204,9745,209.610,209.610,9.871,143931
11.017,9746,209.594,209.594,9.279,143932
10.928,9747,209.311,209.311,8.821,143934
10.903,9748,208.764,208.764,8.383,143936
11.014,9749,208.092,208.092,7.944,144029
11.168,9750,207.471,207.471,7.521,144030
11.318,9751,206.957,206.957,7.117,144032
11.497,9752,206.513,206.513,6.713,144033
11.694,9753,206.095,206.095,6.271,144035
11.886,9754,205.692,205.692,5.790,144079
12.061,9755,205.288,205.288,5.281,144081
12.211,9756,204.893,204.893,4.759,144082
12.164,9757,205.155,205.155,2.401,144084
11.948,9758,205.875,205.875,1.990,144086
11.766,9759,206.682,206.682,1.565,144087
11.652,9760,207.510,207.510,1.115,144089
11.621,9761,208.341,208.341,0.626,144091
11.688,9762,209.145,209.145,0.100,144129
11.793,9763,209.902,209.902,-0.436,144131
11.894,9764,210.599,210.599,-0.976,144132
12.025,9765,211.143,211.143,-1.510,144134
12.211,9766,211.481,211.481,-2.043,144136
12.455,9767,211.580,211.580,-2.557,144137
12.745,9768,211.420,211.420,-3.046,144139
13.033,9769,211.089,211.089,-3.510,144140
13.260,9770,210.717,210.717,-3.956,144179
13.475,9771,210.155,210.155,-4.829,144481
13.470,9772,209.950,209.950,-5.274,144483
13.464,9773,209.763,209.763,-5.727,144530
13.487,9774,209.588,209.588,-6.185,144532
13.526,9775,209.461,209.461,-6.642,144534
13.583,9776,209.394,209.394,-7.095,144630
13.668,9777,209.364,209.364,-7.546,144631
13.783,9778,209.339,209.339,-8.004,144632
13.927,9779,209.304,209.304,-8.476,144634
14.117,9780,209.282,209.282,-8.976,144636
14.336,9781,209.282,209.282,-9.511,144637
14.576,9782,209.298,209.298,-10.082,144639
14.834,9783,209.348,209.348,-10.685,144679
15.078,9784,209.437,209.437,-11.291,144681
15.297,9785,209.524,209.524,-11.860,144682
15.511,9786,209.609,209.609,-12.352,144829
15.724,9787,209.721,209.721,-12.756,144830
15.908,9788,209.862,209.862,-13.083,144832
16.035,9789,210.013,210.013,-13.357,144833
16.104,9790,210.143,210.143,-13.604,144835
16.109,9791,210.246,210.246,-13.852,144837
16.112,9792,210.341,210.341,-14.089,144838
18.256,9793,222.494,222.494,-11.702,144840
17.907,9794,222.682,222.682,-10.884,144842
17.208,9795,222.733,222.733,-7.643,144978
17.144,9796,222.630,222.630,-6.894,144980
17.061,9797,222.611,222.611,-6.155,145029
14.850,9798,225.254,225.254,-0.476,145079
14.646,9799,225.368,225.368,0.167,145080
14.528,9800,225.320,225.320,0.796,145082
14.508,9801,225.127,225.127,1.406,145084
14.471,9802,224.832,224.832,1.983,145085
14.363,9803,224.421,224.421,2.542,145089
14.134,9804,223.950,223.950,3.079,145090
13.821,9805,223.431,223.431,3.592,145092
13.437,9806,222.904,222.904,4.074,145094
13.050,9807,222.382,222.382,4.516,145129
10.654,9808,214.873,214.873,7.749,145130
10.508,9809,214.192,214.192,8.111,145132
10.370,9810,213.539,213.539,8.462,145133
10.261,9811,212.979,212.979,8.784,145135
10.133,9812,212.527,212.527,9.107,145136
9.975,9813,212.129,212.129,9.427,145179
9.834,9814,211.757,211.757,9.725,145181
9.718,9815,211.411,211.411,9.997,145182
9.687,9816,211.083,211.083,10.100,145184
8.499,9817,209.729,209.729,11.307,145186
8.391,9818,209.616,209.616,11.458,145187
7.931,9819,208.686,208.686,11.957,145189
6.354,9820,209.094,209.094,12.040,145191
6.140,9821,209.025,209.025,12.024,145229
5.940,9822,208.909,208.909,11.995,145231
5.764,9823,208.764,208.764,11.962,145232
5.569,9824,208.584,208.584,11.947,145234
5.360,9825,208.372,208.372,11.943,145236
5.210,9826,208.166,208.166,11.943,145237
5.124,9827,208.001,208.001,11.930,145239
5.088,9828,207.874,207.874,11.902,145241
5.038,9829,207.794,207.794,11.863,145279
4.903,9830,207.765,207.765,11.803,145282
4.672,9831,207.759,207.759,11.705,145284
4.376,9832,207.808,207.808,11.567,145330
4.046,9833,207.851,207.851,11.423,145332
3.783,9834,207.683,207.683,11.284,145378
3.800,9835,207.107,207.107,11.196,145380
4.011,9836,206.125,206.125,11.244,145381
4.324,9837,204.932,204.932,11.448,145383
4.823,9838,203.736,203.736,11.768,145384
5.418,9839,202.690,202.690,12.165,145479
5.978,9840,201.842,201.842,12.558,145480
6.576,9841,201.196,201.196,12.825,145529
7.005,9842,200.832,200.832,12.824,145579
6.862,9843,200.879,200.879,12.479,145580
6.470,9844,201.362,201.362,11.808,145628
6.189,9845,202.247,202.247,10.923,145630
6.034,9846,203.369,203.369,9.915,145631
5.896,9847,204.573,204.573,8.906,145632
5.706,9848,205.695,205.695,8.029,145633
5.550,9849,206.569,206.569,7.320,145634
5.458,9850,207.172,207.172,6.742,145635
5.481,9851,207.427,207.427,6.269,145636
5.654,9852,207.294,207.294,5.898,145637
5.964,9853,206.877,206.877,5.600,145680
6.381,9854,206.284,206.284,5.323,145681
6.847,9855,205.602,205.602,5.027,145686
7.276,9856,204.938,204.938,4.701,145687
7.617,9857,204.383,204.383,4.356,145729
7.832,9858,203.995,203.995,4.002,145779
7.982,9859,203.748,203.748,3.636,145780
8.027,9860,203.645,203.645,3.266,145781
7.955,9861,203.713,203.713,2.897,145782
7.823,9862,203.964,203.964,2.522,145783
7.435,9863,206.051,206.051,1.308,145784
7.782,9864,211.477,211.477,-1.148,145785
7.984,9865,212.253,212.253,-1.662,145786
8.685,9866,213.342,213.342,-2.985,145829
8.845,9867,213.441,213.441,-3.344,145879
8.994,9868,213.433,213.433,-3.682,145929
9.132,9869,213.299,213.299,-4.006,145930
9.256,9870,213.029,213.029,-4.322,145931
9.361,9871,212.653,212.653,-4.636,145932
9.456,9872,212.219,212.219,-4.947,145933
9.521,9873,211.796,211.796,-5.262,145934
9.554,9874,211.461,211.461,-5.587,145935
9.593,9875,211.262,211.262,-5.922,145936
9.655,9876,211.204,211.204,-6.263,145979
9.731,9877,211.293,211.293,-6.613,145980
9.835,9878,211.500,211.500,-6.977,145981
9.989,9879,211.794,211.794,-7.360,145982
10.436,9880,212.548,212.548,-8.158,145983
10.674,9881,213.020,213.020,-8.573,146029
10.943,9882,213.521,213.521,-8.997,146030
11.240,9883,213.999,213.999,-9.426,146031
11.548,9884,214.402,214.402,-9.848,146032
11.869,9885,214.707,214.707,-10.255,146033
12.188,9886,214.916,214.916,-10.646,146035
12.464,9887,215.027,215.027,-11.016,146036
12.673,9888,215.031,215.031,-11.361,146037
12.904,9889,214.828,214.828,-11.985,146038
13.271,9890,215.024,215.024,-13.288,146079
13.416,9891,215.339,215.339,-13.493,146081
13.595,9892,215.719,215.719,-13.693,146329
13.820,9893,216.155,216.155,-13.912,146330
14.057,9894,216.636,216.636,-14.161,146332
14.312,9895,217.160,217.160,-14.429,146333
14.571,9896,217.725,217.725,-14.689,146335
14.834,9897,218.324,218.324,-14.921,146337
15.080,9898,218.936,218.936,-15.116,146338
15.291,9899,219.521,219.521,-15.268,146340
15.440,9900,220.052,220.052,-15.375,146379
15.528,9901,220.513,220.513,-15.436,146381
15.639,9902,220.915,220.915,-15.454,146383
15.788,9903,221.256,221.256,-15.411,146386
15.933,9904,221.524,221.524,-15.291,146388
16.042,9905,221.707,221.707,-15.091,146390
16.097,9906,221.806,221.806,-14.816,146429
16.078,9907,221.833,221.833,-14.469,146430
15.997,9908,221.746,221.746,-14.081,146578
15.866,9909,221.584,221.584,-13.689,146580
15.673,9910,221.452,221.452,-13.282,146629
15.533,9911,221.426,221.426,-12.808,146630
15.532,9912,221.591,221.591,-12.223,146679
15.674,9913,221.990,221.990,-11.525,146680
13.270,9914,222.803,222.803,-0.798,146681
13.060,9915,222.588,222.588,-0.348,146729
12.958,9916,222.340,222.340,0.074,146780
12.902,9917,221.946,221.946,0.473,146780
12.821,9918,221.370,221.370,0.847,146781
12.737,9919,220.662,220.662,1.196,146782
12.645,9920,219.917,219.917,1.540,146783
12.549,9921,219.180,219.180,1.894,146784
12.450,9922,218.436,218.436,2.256,146785
12.359,9923,217.650,217.650,2.622,146786
12.276,9924,216.829,216.829,2.985,146787
12.161,9925,216.007,216.007,3.340,146829
12.055,9926,215.190,215.190,3.686,146830
11.974,9927,214.369,214.369,4.028,146831
11.896,9928,213.549,213.549,4.367,146832
11.837,9929,212.736,212.736,4.704,146833
10.954,9930,206.633,206.633,7.971,146834
10.906,9931,205.964,205.964,8.281,146835
10.591,9932,202.792,202.792,9.480,146929
10.575,9933,201.816,201.816,9.768,146979
10.745,9934,197.700,197.700,10.850,146980
10.815,9935,196.734,196.734,11.103,146981
10.906,9936,195.767,195.767,11.335,146982
11.053,9937,192.866,192.866,11.720,146983
11.700,9938,187.239,187.239,11.634,146984
12.010,9939,185.762,185.762,11.563,146985
12.383,9940,184.135,184.135,11.462,147079
12.790,9941,182.387,182.387,11.325,147080
13.210,9942,180.553,180.553,11.143,147081
13.626,9943,178.646,178.646,10.933,147082
14.012,9944,176.680,176.680,10.712,147083
14.322,9945,174.643,174.643,10.474,147280
14.562,9946,172.659,172.659,10.260,147281
14.727,9947,170.814,170.814,10.146,147283
14.836,9948,169.107,169.107,10.159,147286
14.954,9949,167.527,167.527,10.270,147287
15.067,9950,166.099,166.099,10.401,147290
15.083,9951,164.870,164.870,10.500,147291
15.062,9952,163.807,163.807,10.517,147294
15.119,9953,162.887,162.887,10.403,147296
15.278,9954,162.175,162.175,10.153,147330
15.176,9955,162.316,162.316,8.210,147333
14.106,9956,162.975,162.975,7.594,147335
12.820,9957,163.968,163.968,7.274,147337
12.211,9958,164.780,164.780,7.107,147339
12.309,9959,164.885,164.885,6.885,147341
12.774,9960,164.415,164.415,6.584,147343
13.356,9961,163.625,163.625,6.306,147345
14.764,9962,159.387,159.387,4.974,147380
14.876,9963,158.269,158.269,4.449,147382
14.762,9964,157.278,157.278,3.964,147384
14.482,9965,156.373,156.373,3.534,147386
14.152,9966,155.531,155.531,3.137,147388
14.308,9967,143.054,143.054,-0.515,147390
14.301,9968,142.391,142.391,-0.728,147392
14.332,9969,141.707,141.707,-0.945,147395
14.402,9970,140.905,140.905,-1.160,147397
14.506,9971,139.911,139.911,-1.383,147479
14.635,9972,138.713,138.713,-1.618,147529
14.748,9973,137.365,137.365,-1.862,147530
14.788,9974,135.954,135.954,-2.116,147532
14.736,9975,134.579,134.579,-2.382,147533
14.584,9976,133.313,133.313,-2.654,147535
14.418,9977,132.181,132.181,-2.922,147536
14.266,9978,131.168,131.168,-3.182,147537
14.159,9979,130.230,130.230,-3.428,147538
14.113,9980,129.322,129.322,-3.665,147540
14.106,9981,128.404,128.404,-3.879,147629
14.123,9982,127.445,127.445,-4.072,147630
14.095,9983,126.442,126.442,-4.231,147632
14.011,9984,125.427,125.427,-4.359,147633
13.886,9985,124.463,124.463,-4.467,147679
13.730,9986,123.604,123.604,-4.567,147779
13.567,9987,122.888,122.888,-4.668,147780
13.419,9988,122.325,122.325,-4.774,147781
13.308,9989,121.899,121.899,-4.889,147782
13.225,9990,121.594,121.594,-5.005,147784
13.149,9991,121.360,121.360,-5.109,147786
13.067,9992,121.153,121.153,-5.193,147787
13.046,9993,120.921,120.921,-5.268,147790
13.049,9994,120.643,120.643,-5.331,147830
13.049,9995,120.283,120.283,-5.383,147831
13.046,9996,119.853,119.853,-5.437,147832
13.017,9997,119.393,119.393,-5.489,147833
13.000,9998,118.923,118.923,-5.543,147835
12.970,0,118.469,118.469,-5.596,147836
12.942,1,118.031,118.031,-5.636,147837
12.947,2,117.551,117.551,-5.663,147839
12.987,3,116.943,116.943,-5.687,147880
13.029,4,116.184,116.184,-5.708,148028
13.033,5,115.364,115.364,-5.720,148030
12.996,6,114.569,114.569,-5.724,148031
12.937,7,113.878,113.878,-5.720,148032
12.912,8,113.330,113.330,-5.711,148033
13.972,9,112.329,112.329,-5.196,148034
14.120,10,112.381,112.381,-5.092,148035
14.274,11,112.422,112.422,-4.977,148037
14.448,12,112.436,112.436,-4.862,148038
14.635,13,112.459,112.459,-4.752,148280
14.813,14,112.510,112.510,-4.644,148282
14.990,15,112.583,112.583,-4.533,148429
15.183,16,112.692,112.692,-4.411,148431
15.385,17,112.832,112.832,-4.277,148433
15.599,18,112.978,112.978,-4.124,148479
15.854,19,113.092,113.092,-3.952,148481
16.147,20,113.160,113.160,-3.767,148483
16.477,21,113.186,113.186,-3.567,148485
16.826,22,113.185,113.185,-3.344,148529
17.146,23,113.164,113.164,-3.087,148579
17.436,24,113.129,113.129,-2.798,148729
17.724,25,113.093,113.093,-2.488,148730
19.727,26,112.522,112.522,1.356,148731
19.852,27,112.327,112.327,1.877,148732
19.915,28,112.071,112.071,2.407,148929
19.909,29,111.766,111.766,2.935,148930
19.850,30,111.402,111.402,3.451,148932
19.725,31,110.987,110.987,3.955,148933
19.592,32,110.516,110.516,4.437,148934
19.433,33,109.991,109.991,4.901,148935
19.223,34,109.448,109.448,5.363,148937
13.389,35,88.320,88.320,9.292,148938
13.094,36,86.806,86.806,9.624,148939
9.398,37,75.585,75.585,13.618,148979
9.581,38,74.466,74.466,13.845,148981
9.805,39,73.260,73.260,14.054,148982
10.186,40,69.881,69.881,14.617,148983
10.201,41,68.981,68.981,14.816,148985
10.136,42,68.196,68.196,15.014,148986
10.025,43,67.503,67.503,15.201,149029
9.766,44,66.171,66.171,15.515,149030
8.837,45,62.660,62.660,16.006,149031
5.338,46,54.278,54.278,17.432,149032
4.940,47,53.567,53.567,17.513,149033
5.232,48,52.676,52.676,17.659,149035
5.834,49,51.604,51.604,17.937,149036
8.065,50,48.255,48.255,12.009,149037
8.349,51,47.683,47.683,11.662,149038
8.702,52,46.973,46.973,11.325,149079
9.107,53,46.207,46.207,10.980,149080
9.485,54,45.497,45.497,10.622,149081
9.750,55,44.966,44.966,10.269,149083
9.873,56,44.666,44.666,9.934,149129
9.923,57,44.576,44.576,9.616,149228
9.948,58,44.683,44.683,9.295,149230
9.929,59,45.001,45.001,8.956,149231
9.859,60,45.524,45.524,8.578,149279
9.786,61,46.162,46.162,8.154,149281
9.739,62,46.869,46.869,7.686,149283
9.698,63,47.646,47.646,7.184,149285
9.705,64,48.444,48.444,6.663,149287
9.784,65,49.208,49.208,6.137,149289
9.897,66,49.895,49.895,5.618,149291
10.050,67,50.439,50.439,5.102,149479
10.255,68,50.801,50.801,4.586,149480
10.485,69,51.005,51.005,4.075,149481
10.714,70,51.115,51.115,3.579,149482
10.922,71,51.167,51.167,3.106,149529
11.103,72,51.184,51.184,2.650,149579
11.250,73,51.171,51.171,2.199,149580
11.395,74,51.116,51.116,1.747,149628
11.544,75,51.026,51.026,1.289,149630
11.703,76,50.919,50.919,0.827,149631
11.859,77,50.787,50.787,0.364,149632
12.028,78,50.666,50.666,-0.085,149633
12.387,79,50.664,50.664,-0.949,149635
12.584,80,50.806,50.806,-1.377,149636
12.805,81,51.016,51.016,-1.806,149637
13.527,82,51.848,51.848,-3.114,149638
13.780,83,52.168,52.168,-3.545,149730
14.032,84,52.512,52.512,-3.960,149780
14.272,85,52.887,52.887,-4.345,149781
14.501,86,53.286,53.286,-4.696,149782
14.736,87,53.672,53.672,-5.012,149783
14.973,88,53.997,53.997,-5.309,149785
17.261,89,54.664,54.664,-8.985,149786
17.451,90,55.084,55.084,-9.254,149787
17.626,91,55.680,55.680,-9.514,149879
17.790,92,56.418,56.418,-9.756,149880
18.142,93,58.014,58.014,-10.092,149928
19.845,94,61.358,61.358,-9.592,149930
20.019,95,62.010,62.010,-9.335,149931
20.197,96,64.051,64.051,-7.964,149932
20.088,97,64.519,64.519,-7.474,149934
19.967,98,65.000,65.000,-6.902,149935
19.820,99,65.507,65.507,-6.250,149936
