-98.912,5.851,-9.637,5.851,1100,647318
-98.915,5.910,-9.623,5.910,1101,647319
-98.917,5.929,-9.607,5.929,1102,647321
-98.916,5.908,-9.586,5.908,1103,647322
-98.927,5.877,-9.566,5.877,1104,647323
-98.938,5.836,-9.548,5.836,1105,647363
-98.955,5.813,-9.536,5.813,1106,647365
-98.964,5.808,-9.521,5.808,1107,647366
-98.957,5.801,-9.500,5.801,1108,647367
-98.947,5.800,-9.478,5.800,1109,647369
-98.950,5.811,-9.462,5.811,1110,647370
-98.966,5.831,-9.451,5.831,1111,647372
-98.984,5.848,-9.432,5.848,1112,647373
-98.984,5.873,-9.411,5.873,1113,647375
-98.975,5.901,-9.390,5.901,1114,647513
-98.961,5.918,-9.371,5.918,1115,647613
-98.948,5.949,-9.369,5.949,1116,647615
-98.926,5.985,-9.366,5.985,1117,647621
-98.901,6.023,-9.366,6.023,1118,647623
-98.881,6.061,-9.366,6.061,1119,647624
-98.861,6.101,-9.367,6.101,1120,647626
-98.842,6.145,-9.367,6.145,1121,647627
-98.824,6.190,-9.364,6.190,1122,647628
-98.810,6.230,-9.356,6.230,1123,647630
-98.809,6.265,-9.344,6.265,1124,647663
-98.811,6.285,-9.329,6.285,1125,647665
-98.806,6.297,-9.315,6.297,1126,647666
-98.802,6.302,-9.304,6.302,1127,647667
-98.788,6.297,-9.303,6.297,1128,647669
-98.773,6.269,-9.298,6.269,1129,647670
-98.760,6.232,-9.292,6.232,1130,647671
-98.748,6.195,-9.287,6.195,1131,647673
-98.741,6.158,-9.282,6.158,1132,647675
-98.741,6.140,-9.280,6.140,1133,647764
-98.739,6.142,-9.282,6.142,1134,647766
-98.736,6.161,-9.286,6.161,1135,647767
-98.732,6.191,-9.290,6.191,1136,647768
-98.724,6.320,-9.328,6.320,1137,647769
-98.729,6.336,-9.335,6.336,1138,647771
-98.735,6.350,-9.343,6.350,1139,647772
-98.742,6.357,-9.349,6.357,1140,647773
-98.751,6.348,-9.351,6.348,1141,647813
-98.753,6.328,-9.352,6.328,1142,647814
-98.757,6.292,-9.345,6.292,1143,647816
-98.762,6.251,-9.338,6.251,1144,647817
-98.767,6.214,-9.338,6.214,1145,647818
-98.773,6.170,-9.332,6.170,1146,647819
-98.778,6.129,-9.326,6.129,1147,647820
-98.782,6.099,-9.322,6.099,1148,647822
-98.784,6.081,-9.320,6.081,1149,647823
-98.785,6.071,-9.318,6.071,1150,647964
-98.785,6.063,-9.317,6.063,1151,648013
-98.787,6.052,-9.315,6.052,1152,648015
-98.788,6.037,-9.314,6.037,1153,648018
-98.791,6.017,-9.312,6.017,1154,648019
-98.793,5.994,-9.310,5.994,1155,648021
-98.795,5.967,-9.308,5.967,1156,648023
-98.799,5.938,-9.305,5.938,1157,648025
-98.801,5.913,-9.303,5.913,1158,648028
-98.802,5.897,-9.301,5.897,1159,648030
-98.801,5.898,-9.302,5.898,1160,648063
-98.800,5.898,-9.302,5.898,1161,648065
-98.800,5.892,-9.302,5.892,1162,648068
-98.801,5.878,-9.300,5.878,1163,648070
-98.803,5.859,-9.298,5.859,1164,648071
-98.798,5.835,-9.296,5.835,1165,648073
-98.801,5.810,-9.293,5.810,1166,648075
-98.803,5.781,-9.290,5.781,1167,648078
-98.806,5.749,-9.287,5.749,1168,648080
-98.802,5.722,-9.286,5.722,1169,648113
-98.796,5.705,-9.288,5.705,1170,648115
-98.797,5.695,-9.291,5.695,1171,648117
-98.796,5.692,-9.294,5.692,1172,648119
-98.785,5.690,-9.304,5.690,1173,648121
-98.786,5.678,-9.304,5.678,1174,648164
-98.788,5.662,-9.303,5.662,1175,648166
-98.789,5.644,-9.302,5.644,1176,648168
-98.789,5.629,-9.305,5.629,1177,648170
-98.793,5.625,-9.309,5.625,1178,648172
-98.796,5.643,-9.317,5.643,1179,648174
-98.793,5.672,-9.323,5.672,1180,648176
-98.786,5.699,-9.324,5.699,1181,648178
-98.778,5.735,-9.320,5.735,1182,648180
-98.759,5.788,-9.311,5.788,1183,648213
-98.740,5.870,-9.300,5.870,1184,648215
-98.741,5.976,-9.284,5.976,1185,648216
-98.763,6.081,-9.254,6.081,1186,648217
-98.778,6.183,-9.207,6.183,1187,648218
-98.761,6.327,-9.139,6.327,1188,648219
-98.703,6.472,-9.046,6.472,1189,648221
-98.638,6.570,-8.937,6.570,1190,648222
-98.575,6.619,-8.816,6.619,1191,648223
-98.525,6.607,-8.680,6.607,1192,648313
-98.499,6.524,-8.523,6.524,1193,648315
-98.491,6.378,-8.351,6.378,1194,648316
-98.498,6.185,-8.170,6.185,1195,648317
-98.528,5.975,-7.984,5.975,1196,648318
-98.560,5.764,-7.795,5.764,1197,648320
-98.575,5.564,-7.617,5.564,1198,648321
-98.566,5.413,-7.469,5.413,1199,648463
-98.549,5.337,-7.362,5.337,1200,648464
-98.541,5.321,-7.293,5.321,1201,648466
-98.551,5.313,-7.249,5.313,1202,648467
-98.587,5.281,-7.229,5.281,1203,648468
-98.642,5.231,-7.233,5.231,1204,648469
-98.707,5.169,-7.264,5.169,1205,648471
-98.779,5.106,-7.327,5.106,1206,648472
-98.856,5.038,-7.411,5.038,1207,648514
-98.938,4.957,-7.508,4.957,1208,648515
-98.895,4.786,-7.550,4.786,1209,648516
-98.974,4.641,-7.642,4.641,1210,648517
-99.054,4.447,-7.727,4.447,1211,648519
-99.133,4.216,-7.805,4.216,1212,648520
-99.216,3.956,-7.875,3.956,1213,648521
-99.309,3.677,-7.933,3.677,1214,648523
-99.413,3.411,-7.982,3.411,1215,648524
-99.527,3.189,-8.024,3.189,1216,648614
-99.647,3.042,-8.055,3.042,1217,648615
-99.758,3.003,-8.079,3.003,1218,648616
-99.851,3.074,-8.111,3.074,1219,648617
-99.914,3.241,-8.167,3.241,1220,648619
-99.951,3.498,-8.254,3.498,1221,648620
-99.980,3.817,-8.361,3.817,1222,648621
-99.994,4.137,-8.473,4.137,1223,648623
-99.988,4.407,-8.585,4.407,1224,648664
-99.980,4.596,-8.699,4.596,1225,648665
-99.995,4.672,-8.810,4.672,1226,648666
-100.035,4.600,-8.907,4.600,1227,648667
-100.099,4.429,-8.993,4.429,1228,648668
-100.182,4.221,-9.065,4.221,1229,648669
-100.279,4.010,-9.115,4.010,1230,648671
-100.376,3.829,-9.144,3.829,1231,648672
-100.455,3.762,-9.175,3.762,1232,648673
-100.507,3.841,-9.227,3.841,1233,648765
-100.534,4.002,-9.298,4.002,1234,648766
-100.550,4.169,-9.371,4.169,1235,648767
-100.565,4.302,-9.428,4.302,1236,648768
-100.577,4.384,-9.462,4.384,1237,648770
-100.582,4.406,-9.474,4.406,1238,648771
-100.598,4.377,-9.469,4.377,1239,648913
-100.651,4.346,-9.463,4.346,1240,648915
-100.742,4.389,-9.477,4.389,1241,648917
-100.841,4.549,-9.530,4.549,1242,648919
-100.920,4.814,-9.636,4.814,1243,648920
-100.955,5.149,-9.794,5.149,1244,648922
-100.952,5.524,-9.996,5.524,1245,648923
-100.940,5.907,-10.217,5.907,1246,648925
-100.925,6.294,-10.442,6.294,1247,648927
-100.910,6.700,-10.675,6.700,1248,649013
-100.880,7.146,-10.918,7.146,1249,649063
-100.844,7.626,-11.166,7.626,1250,649067
-100.792,8.140,-11.411,8.140,1251,649069
-100.739,8.683,-11.656,8.683,1252,649070
-100.703,9.246,-11.905,9.246,1253,649072
-100.668,9.849,-12.166,9.849,1254,649073
-100.625,10.476,-12.437,10.476,1255,649075
-100.551,11.125,-12.712,11.125,1256,649077
-100.450,11.792,-12.993,11.792,1257,649114
-100.334,12.461,-13.279,12.461,1258,649116
-100.206,13.114,-13.568,13.114,1259,649118
-100.074,13.730,-13.858,13.730,1260,649119
-99.831,14.818,-14.436,14.818,1261,649121
-99.720,15.303,-14.730,15.303,1262,649122
-99.632,15.756,-15.022,15.756,1263,649124
-99.563,16.186,-15.309,16.186,1264,649126
-99.498,16.611,-15.588,16.611,1265,649128
-99.427,17.066,-15.857,17.066,1266,649164
-99.342,17.542,-16.109,17.542,1267,649166
-99.240,17.958,-16.330,17.958,1268,649168
-99.132,18.282,-16.515,18.282,1269,649169
-98.899,18.971,-16.853,18.971,1270,649171
-97.922,21.930,-18.084,21.930,1271,649172
-97.697,22.597,-18.431,22.597,1272,649214
-97.484,23.210,-18.784,23.210,1273,649216
-97.269,23.768,-19.126,23.768,1274,649217
-97.055,24.285,-19.455,24.285,1275,649218
-96.862,24.771,-19.776,24.771,1276,649264
-96.665,25.282,-20.099,25.282,1277,649265
-96.426,25.831,-20.422,25.831,1278,649266
-96.135,26.412,-20.743,26.412,1279,649267
-95.781,27.041,-21.061,27.041,1280,649268
-95.387,27.695,-21.371,27.695,1281,649269
-94.965,28.359,-21.665,28.359,1282,649270
-94.486,29.025,-21.938,29.025,1283,649271
-93.973,29.684,-22.187,29.684,1284,649272
-93.471,30.298,-22.406,30.298,1285,649314
-92.997,30.809,-22.583,30.809,1286,649315
-92.550,31.208,-22.717,31.208,1287,649363
-92.135,31.527,-22.819,31.527,1288,649364
-91.773,31.758,-22.886,31.758,1289,649413
-91.440,31.868,-22.906,31.868,1290,649414
-91.129,31.853,-22.880,31.853,1291,649416
-90.842,31.757,-22.799,31.757,1292,649464
-90.590,31.570,-22.648,31.570,1293,649465
-90.360,31.262,-22.429,31.262,1294,649466
-90.139,30.849,-22.156,30.849,1295,649467
-89.939,30.370,-21.825,30.370,1296,649468
-89.750,29.789,-21.418,29.789,1297,649469
-89.567,28.975,-20.907,28.975,1298,649470
-89.404,27.931,-20.279,27.931,1299,649471
-89.270,26.759,-19.534,26.759,1300,649472
-89.157,25.483,-18.682,25.483,1301,649515
-89.108,24.070,-17.755,24.070,1302,649516
-89.164,22.523,-16.788,22.523,1303,649517
-89.330,20.900,-15.804,20.900,1304,649518
-89.587,19.275,-14.811,19.275,1305,649519
-89.912,17.726,-13.820,17.726,1306,649520
-90.268,16.246,-12.831,16.246,1307,649521
-90.645,14.765,-11.837,14.765,1308,649522
-91.035,13.252,-10.817,13.252,1309,649563
-91.425,11.736,-9.749,11.736,1310,649663
-91.805,10.262,-8.642,10.262,1311,649665
-92.188,8.883,-7.498,8.883,1312,649666
-92.594,7.624,-6.316,7.624,1313,649667
-93.043,6.433,-5.079,6.433,1314,649669
-93.508,5.254,-3.787,5.254,1315,649670
-93.906,4.038,-2.472,4.038,1316,649672
-94.213,2.718,-1.145,2.718,1317,649673
-94.512,1.260,0.187,1.260,1318,649763
-94.858,359.706,1.511,359.706,1319,649764
-95.220,358.107,2.810,358.107,1320,649766
-95.537,356.467,4.080,356.467,1321,649767
-95.778,354.776,5.343,354.776,1322,649864
-95.977,353.051,6.614,353.051,1323,649865
-96.268,351.363,7.832,351.363,1324,649866
-96.593,349.623,8.998,349.623,1325,649867
-96.919,347.820,10.113,347.820,1326,649914
-97.214,345.935,11.190,345.935,1327,649915
-97.458,344.045,12.225,344.045,1328,650013
-97.659,342.277,13.207,342.277,1329,650015
-97.830,340.655,14.121,340.655,1330,650164
-98.019,339.154,14.956,339.154,1331,650166
-98.212,337.765,15.706,337.765,1332,650168
-98.360,336.456,16.374,336.456,1333,650170
-98.435,335.233,16.976,335.233,1334,650172
-98.540,334.149,17.518,334.149,1335,650174
-98.663,333.220,17.989,333.220,1336,650176
-98.799,332.414,18.383,332.414,1337,650179
-98.908,331.722,18.707,331.722,1338,650182
-98.976,331.138,18.970,331.138,1339,650314
-99.030,330.616,19.190,330.616,1340,650316
-99.036,330.068,19.393,330.068,1341,650318
-99.020,329.519,19.570,329.519,1342,650320
-99.038,328.988,19.708,328.988,1343,650322
-97.909,325.595,19.549,325.595,1344,650324
-97.766,325.355,19.365,325.355,1345,650326
-97.668,325.210,19.153,325.210,1346,650329
-97.587,325.115,18.933,325.115,1347,650331
-97.469,324.927,18.537,324.927,1348,650765
-97.460,324.757,18.369,324.757,1349,650767
-96.958,321.223,17.431,321.223,1350,650769
-97.305,321.580,17.180,321.580,1351,650771
-101.937,325.830,13.516,325.830,1352,650773
-102.575,327.679,12.231,327.679,1353,650864
-102.897,329.184,11.137,329.184,1354,650867
-102.801,330.050,10.429,330.050,1355,650913
-102.581,330.389,10.014,330.389,1356,650964
-102.497,330.480,9.710,330.480,1357,650967
-102.433,330.648,9.372,330.648,1358,650970
-102.337,331.026,8.971,331.026,1359,650973
-102.263,331.607,8.482,331.607,1360,650976
-102.301,337.801,4.103,337.801,1361,650978
-102.348,338.882,3.507,338.882,1362,650980
-102.341,340.020,2.898,340.020,1363,650983
-102.291,341.194,2.269,341.194,1364,650985
-102.198,342.395,1.626,342.395,1365,651065
-102.058,343.587,0.979,343.587,1366,651067
-101.870,344.731,0.347,344.731,1367,651069
-101.695,345.809,-0.257,345.809,1368,651071
-101.569,346.862,-0.834,346.862,1369,651073
-98.689,14.090,-16.467,14.090,1370,651164
-98.423,14.729,-16.852,14.729,1371,651313
-98.153,15.361,-17.236,15.361,1372,651563
-97.877,15.995,-17.614,15.995,1373,651614
-97.589,16.622,-17.985,16.622,1374,651616
-95.670,20.381,-19.918,20.381,1375,651618
-95.306,21.094,-20.173,21.094,1376,651620
-93.767,23.885,-20.490,23.885,1377,651622
-92.376,23.081,-18.128,23.081,1378,651624
-92.119,22.187,-17.340,22.187,1379,651626
-91.889,20.972,-16.456,20.972,1380,651628
-91.738,19.533,-15.507,19.533,1381,651631
-91.680,17.994,-14.530,17.994,1382,651864
-91.688,16.378,-13.544,16.378,1383,651914
-91.736,14.752,-12.559,14.752,1384,651916
-91.827,13.288,-11.578,13.288,1385,651918
-91.988,12.069,-10.599,12.069,1386,651920
-92.515,9.994,-8.616,9.994,1387,651922
-92.842,8.993,-7.599,8.993,1388,651924
-93.165,7.942,-6.557,7.942,1389,651926
-93.479,6.886,-5.499,6.886,1390,651929
-93.780,5.931,-4.440,5.931,1391,651931
-95.144,0.596,1.830,0.596,1392,652165
-97.612,341.778,12.341,341.778,1393,652414
-96.607,327.512,16.798,327.512,1394,652564
-95.440,323.158,16.417,323.158,1395,652566
-95.132,322.048,16.373,322.048,1396,652714
-94.850,320.882,16.353,320.882,1397,652763
-94.607,319.740,16.343,319.740,1398,652765
-94.425,318.725,16.316,318.725,1399,652814
-94.347,317.956,16.229,317.956,1400,652816
-94.321,317.409,16.070,317.409,1401,652865
-94.297,316.988,15.878,316.988,1402,653113
-94.400,316.604,15.704,316.604,1403,653263
-98.222,314.251,13.236,314.251,1404,653264
-97.871,311.393,10.958,311.393,1405,653563
-97.915,310.887,10.608,310.887,1406,653565
-98.011,310.430,10.266,310.430,1407,653565
-98.144,310.023,9.903,310.023,1408,653566
-98.297,309.637,9.510,309.637,1409,653567
-98.473,309.272,9.093,309.272,1410,653568
-98.640,308.806,8.666,308.806,1411,653569
-98.750,308.147,8.239,308.147,1412,653570
-98.797,307.224,7.835,307.224,1413,653571
-98.281,270.754,0.731,270.754,1414,653715
-103.488,219.224,-2.680,219.224,1415,653716
-104.423,206.743,-5.266,206.743,1416,653718
-104.560,207.327,-5.469,207.327,1417,653719
-104.218,209.127,-7.066,209.127,1418,653721
-104.348,205.485,-7.414,205.485,1419,653722
-104.371,204.744,-7.418,204.744,1420,653724
-104.438,201.219,-7.125,201.219,1421,653863
-104.497,200.151,-6.992,200.151,1422,654015
-104.863,195.438,-6.197,195.438,1423,654016
-103.743,195.659,-6.264,195.659,1424,654018
-102.646,199.963,-8.140,199.963,1425,654019
-102.553,200.507,-8.455,200.507,1426,654021
-98.720,213.333,-16.727,213.333,1427,654022
-98.586,213.681,-17.092,213.681,1428,654024
-98.432,214.043,-17.476,214.043,1429,654064
-98.263,214.434,-17.866,214.434,1430,654364
-98.071,214.838,-18.243,214.838,1431,654365
-97.855,215.255,-18.596,215.255,1432,654366
-97.586,215.694,-18.916,215.694,1433,654367
-97.217,216.177,-19.200,216.177,1434,654368
-96.787,216.680,-19.448,216.680,1435,654369
-93.618,218.848,-19.807,218.848,1436,654370
-93.231,218.788,-19.606,218.788,1437,654371
-92.931,218.501,-19.300,218.501,1438,654372
-92.678,217.983,-18.911,217.983,1439,654664
-92.466,217.285,-18.465,217.285,1440,654666
-92.276,216.502,-17.971,216.502,1441,654667
-92.089,215.672,-17.417,215.672,1442,654668
-92.439,203.031,-9.759,203.031,1443,654669
-96.284,182.420,4.704,182.420,1444,654670
-96.615,180.971,5.667,180.971,1445,654671
-96.985,179.557,6.644,179.557,1446,654672
-97.387,178.187,7.620,178.187,1447,654673
-97.782,176.825,8.603,176.825,1448,654814
-98.163,175.476,9.578,175.476,1449,654864
-98.517,174.186,10.522,174.186,1450,654963
-98.844,172.924,11.445,172.924,1451,654965
-98.135,151.052,22.336,151.052,1452,655014
-98.022,150.714,22.269,150.714,1453,655015
-97.941,150.435,22.197,150.435,1454,655017
-97.834,150.147,22.137,150.147,1455,655018
-97.659,149.781,22.099,149.781,1456,655114
-97.460,149.222,22.088,149.222,1457,655116
-97.194,148.480,22.112,148.480,1458,655117
-96.917,147.635,22.175,147.635,1459,655119
-96.218,144.994,22.676,144.994,1460,655120
-101.029,147.884,17.135,147.884,1461,655464
-101.078,148.278,16.647,148.278,1462,655764
-101.253,148.699,16.152,148.699,1463,655766
-101.449,149.240,15.645,149.240,1464,655767
-101.596,149.945,15.095,149.945,1465,655769
-101.700,150.777,14.471,150.777,1466,655770
-101.784,151.679,13.776,151.679,1467,655771
-101.859,152.612,13.027,152.612,1468,655773
-101.922,153.484,12.291,153.484,1469,655775
-101.950,157.874,8.360,157.874,1470,655914
-102.068,163.682,5.193,163.682,1471,656115
-102.185,175.391,-0.370,175.391,1472,656117
-102.195,176.396,-0.884,176.396,1473,656118
-102.192,179.989,-2.995,179.989,1474,656164
-102.197,180.820,-3.519,180.820,1475,656166
-102.196,181.645,-4.037,181.645,1476,656167
-102.182,182.461,-4.552,182.461,1477,656169
-102.030,186.172,-7.708,186.172,1478,656171
-102.052,186.771,-8.208,186.771,1479,656172
-102.061,187.361,-8.688,187.361,1480,656174
-102.059,187.943,-9.149,187.943,1481,656176
-102.028,188.524,-9.585,188.524,1482,656178
-93.798,207.533,-16.041,207.533,1483,656214
-98.172,161.556,13.666,161.556,1484,656216
-98.326,159.839,14.534,159.839,1485,656217
-98.483,158.453,15.343,158.453,1486,656219
-98.611,157.125,16.095,157.125,1487,656220
-98.754,155.911,16.761,155.911,1488,656222
-98.818,154.831,17.335,154.831,1489,656224
-98.856,153.802,17.850,153.802,1490,656226
-98.856,152.795,18.327,152.795,1491,656265
-97.517,144.572,21.544,144.572,1492,656267
-95.180,137.127,21.775,137.127,1493,656268
-94.752,136.304,21.581,136.304,1494,656269
-94.278,135.364,21.403,135.364,1495,656270
-92.850,132.115,20.933,132.115,1496,656271
-92.415,131.035,20.799,131.035,1497,656272
-92.070,129.967,20.669,129.967,1498,656315
-91.846,128.983,20.511,128.983,1499,656315
-91.738,128.177,20.270,128.177,1500,656364
-91.784,127.612,19.932,127.612,1501,656365
-92.129,127.350,19.568,127.350,1502,656366
-92.944,127.510,19.289,127.510,1503,656367
-93.920,128.003,19.191,128.003,1504,656368
-94.476,127.800,19.314,127.800,1505,656369
-94.428,126.552,19.694,126.552,1506,656370
-94.257,125.186,20.196,125.186,1507,656371
-94.411,124.272,20.647,124.272,1508,656372
-94.675,123.765,20.978,123.765,1509,656413
-94.771,123.335,21.208,123.335,1510,656415
-94.780,122.961,21.343,122.961,1511,656416
-94.892,122.870,21.324,122.870,1512,656417
-95.196,123.195,21.074,123.195,1513,656418
-95.613,123.892,20.564,123.892,1514,656419
-96.033,124.685,19.870,124.685,1515,656420
-96.337,125.380,19.094,125.380,1516,656421
-96.409,125.879,18.316,125.879,1517,656463
-96.319,126.143,17.593,126.143,1518,656464
-96.182,126.222,16.935,126.222,1519,656466
-96.086,126.196,16.336,126.196,1520,656467
-96.053,126.141,15.791,126.141,1521,656467
-96.066,126.104,15.290,126.104,1522,656468
-96.125,126.120,14.797,126.120,1523,656470
-96.217,126.193,14.306,126.193,1524,656470
-96.300,126.284,13.820,126.284,1525,656514
-96.342,126.340,13.354,126.340,1526,656517
-96.338,126.326,12.909,126.326,1527,656518
-96.313,126.236,12.471,126.236,1528,656519
-96.254,126.030,12.030,126.030,1529,656520
-96.188,125.707,11.580,125.707,1530,656522
-96.134,125.260,11.122,125.260,1531,656564
-96.082,124.681,10.652,124.681,1532,656565
-96.007,123.941,10.184,123.941,1533,656566
-95.918,123.027,9.731,123.027,1534,656567
-95.809,121.883,9.312,121.883,1535,656568
-95.699,120.539,8.955,120.539,1536,656613
-95.607,119.062,8.668,119.062,1537,656614
-95.525,117.533,8.410,117.533,1538,656616
-95.445,116.074,8.132,116.074,1539,656616
-95.403,114.712,7.828,114.712,1540,656664
-95.390,113.380,7.515,113.380,1541,656764
-95.385,112.037,7.188,112.037,1542,656765
-95.356,110.693,6.829,110.693,1543,656766
-95.289,109.372,6.414,109.372,1544,656767
-95.164,108.034,5.917,108.034,1545,656768
-94.962,106.630,5.333,106.630,1546,656769
-94.658,105.074,4.673,105.074,1547,656770
-94.269,103.314,3.975,103.314,1548,656771
-93.882,101.354,3.288,101.354,1549,656772
-93.553,99.205,2.632,99.205,1550,656814
-93.311,96.918,2.014,96.918,1551,656815
-93.195,94.554,1.451,94.554,1552,656816
-93.208,92.189,0.965,92.189,1553,656817
-93.333,89.926,0.560,89.926,1554,656818
-93.559,87.816,0.210,87.816,1555,656819
-93.815,85.864,-0.116,85.864,1556,656820
-94.072,83.993,-0.430,83.993,1557,656821
-94.340,82.132,-0.738,82.132,1558,656822
-94.629,80.290,-1.054,80.290,1559,656864
-94.933,78.443,-1.394,78.443,1560,656914
-95.229,76.482,-1.755,76.482,1561,656915
-95.470,74.307,-2.126,74.307,1562,656916
-95.632,71.894,-2.495,71.894,1563,656917
-95.738,69.272,-2.853,69.272,1564,656918
-95.842,66.554,-3.200,66.554,1565,656919
-95.986,63.899,-3.536,63.899,1566,656920
-96.181,61.263,-3.861,61.263,1567,656921
-96.417,58.672,-4.162,58.672,1568,656922
-96.695,56.114,-4.435,56.114,1569,656964
-96.981,53.563,-4.670,53.563,1570,656965
-97.263,51.058,-4.855,51.058,1571,656967
-97.555,48.612,-4.993,48.612,1572,656968
-97.848,46.346,-5.101,46.346,1573,657014
-98.138,44.312,-5.177,44.312,1574,657016
-98.413,42.523,-5.216,42.523,1575,657063
-98.632,41.024,-5.216,41.024,1576,657065
-98.824,39.766,-5.180,39.766,1577,657067
-99.015,38.872,-5.123,38.872,1578,657069
-99.214,38.341,-5.049,38.341,1579,657070
-99.408,37.990,-4.944,37.990,1580,657072
-99.574,37.726,-4.852,37.726,1581,657074
-99.694,37.679,-4.844,37.679,1582,657075
-99.807,37.989,-4.923,37.989,1583,657076
-99.915,38.642,-5.061,38.642,1584,657113
-99.965,39.397,-5.207,39.397,1585,657114
-99.966,39.977,-5.331,39.977,1586,657116
-99.961,40.335,-5.453,40.335,1587,657117
-99.934,40.466,-5.586,40.466,1588,657118
-99.907,40.392,-5.705,40.392,1589,657119
-99.915,40.183,-5.776,40.183,1590,657164
-99.920,39.880,-5.791,39.880,1591,657165
-99.916,39.544,-5.775,39.544,1592,657214
-99.918,39.208,-5.756,39.208,1593,657215
-99.930,38.920,-5.760,38.920,1594,657216
-99.966,38.717,-5.798,38.717,1595,657217
-100.041,38.624,-5.871,38.624,1596,657218
-100.142,38.654,-5.981,38.654,1597,657219
-100.253,38.792,-6.126,38.792,1598,657221
-100.356,39.005,-6.302,39.005,1599,657222
-100.426,39.216,-6.501,39.216,1600,657264
-100.484,39.367,-6.712,39.367,1601,657414
-100.542,39.461,-6.935,39.461,1602,657415
-100.607,39.518,-7.170,39.518,1603,657416
-100.675,39.555,-7.410,39.555,1604,657417
-100.710,39.517,-7.635,39.517,1605,657418
-100.735,39.311,-7.833,39.311,1606,657419
-100.772,38.911,-7.985,38.911,1607,657420
-100.853,38.321,-8.083,38.321,1608,657421
-100.961,37.592,-8.136,37.592,1609,657423
-101.086,36.767,-8.166,36.767,1610,657564
-101.204,35.772,-8.174,35.772,1611,657565
-101.304,34.536,-8.136,34.536,1612,657566
-101.407,33.136,-8.025,33.136,1613,657567
-101.527,31.736,-7.854,31.736,1614,657568
-101.634,30.402,-7.659,30.402,1615,657569
-101.698,29.148,-7.470,29.148,1616,657570
-101.708,27.902,-7.287,27.902,1617,657571
-101.709,26.566,-7.090,26.566,1618,657614
-101.763,25.115,-6.867,25.115,1619,657615
-101.860,23.597,-6.631,23.597,1620,657616
-101.943,22.035,-6.393,22.035,1621,657617
-102.015,20.452,-6.163,20.452,1622,657618
-102.094,18.814,-5.935,18.814,1623,657619
-102.155,17.064,-5.704,17.064,1624,657620
-102.155,15.187,-5.469,15.187,1625,657621
-102.084,13.225,-5.234,13.225,1626,657763
-101.950,11.182,-4.999,11.182,1627,657765
-101.798,9.043,-4.766,9.043,1628,657770
-101.655,6.838,-4.551,6.838,1629,657773
-101.519,4.606,-4.372,4.606,1630,657774
-101.372,2.384,-4.240,2.384,1631,657775
-100.838,354.711,-4.052,354.711,1632,657776
-100.738,353.270,-4.049,353.270,1633,657777
-100.627,352.025,-4.058,352.025,1634,657778
-100.493,350.991,-4.090,350.991,1635,657914
-100.323,350.143,-4.146,350.143,1636,657915
-100.121,349.435,-4.214,349.435,1637,657917
-99.899,348.820,-4.287,348.820,1638,657919
-99.669,348.248,-4.364,348.248,1639,657920
-99.431,347.698,-4.441,347.698,1640,657922
-99.206,347.171,-4.518,347.171,1641,658014
-99.010,346.691,-4.597,346.691,1642,658016
-98.863,346.278,-4.684,346.278,1643,658017
-98.774,345.931,-4.783,345.931,1644,658019
-98.731,345.640,-4.893,345.640,1645,658021
-98.706,345.366,-5.005,345.366,1646,658022
-98.670,345.086,-5.113,345.086,1647,658024
-98.594,344.781,-5.649,344.781,1648,658026
-98.632,345.244,-5.781,345.244,1649,658028
-98.636,345.870,-5.929,345.870,1650,658064
-98.593,346.585,-6.084,346.585,1651,658066
-98.515,347.303,-6.237,347.303,1652,658067
-98.428,347.965,-6.382,347.965,1653,658069
-98.336,348.529,-6.522,348.529,1654,658071
-98.246,348.934,-6.661,348.934,1655,658072
-98.187,349.162,-6.800,349.162,1656,658074
-98.616,349.346,-7.412,349.346,1657,658076
-98.664,349.478,-7.495,349.478,1658,658078
-98.716,349.655,-7.571,349.655,1659,658164
-98.773,349.871,-7.642,349.871,1660,658166
-98.807,350.091,-7.709,350.091,1661,658167
-98.812,350.294,-7.765,350.294,1662,658169
-98.859,351.105,-7.870,351.105,1663,658171
-98.858,351.293,-7.874,351.293,1664,658172
-98.861,351.506,-7.882,351.506,1665,658174
-98.866,351.718,-7.882,351.718,1666,658214
-98.887,351.912,-7.870,351.912,1667,658215
-98.919,352.072,-7.849,352.072,1668,658217
-98.956,352.210,-7.829,352.210,1669,658219
-98.993,352.348,-7.811,352.348,1670,658220
-99.020,352.483,-7.793,352.483,1671,658222
-97.881,350.145,-5.685,350.145,1672,658224
-97.902,350.187,-5.656,350.187,1673,658226
-97.932,350.204,-5.626,350.204,1674,658228
-97.971,350.224,-5.595,350.224,1675,658264
-98.010,350.248,-5.564,350.248,1676,658266
-98.053,350.292,-5.539,350.292,1677,658267
-98.098,350.377,-5.516,350.377,1678,658314
-98.139,350.504,-5.490,350.504,1679,658315
-98.166,350.670,-5.460,350.670,1680,658316
-98.178,350.860,-5.427,350.860,1681,658317
-98.189,351.045,-5.390,351.045,1682,658363
-98.203,351.195,-5.343,351.195,1683,658365
-98.220,351.299,-5.286,351.299,1684,658366
-98.247,351.384,-5.226,351.384,1685,658367
-98.275,351.466,-5.159,351.466,1686,658368
-98.303,351.530,-5.081,351.530,1687,658369
-98.339,351.585,-4.995,351.585,1688,658370
-98.389,351.673,-4.929,351.673,1689,658371
-98.439,351.721,-4.821,351.721,1690,658372
-98.489,351.763,-4.697,351.763,1691,658413
-98.528,351.810,-4.567,351.810,1692,658415
-98.584,351.927,-4.488,351.927,1693,658416
-98.623,352.068,-4.421,352.068,1694,658417
-98.648,352.150,-4.286,352.150,1695,658418
-98.680,352.262,-4.155,352.262,1696,658464
-98.711,352.412,-4.032,352.412,1697,658465
-98.737,352.578,-3.919,352.578,1698,658466
-98.756,352.684,-3.807,352.684,1699,658467
-98.781,352.720,-3.695,352.720,1700,658468
-98.815,352.724,-3.587,352.724,1701,658469
-98.844,352.706,-3.486,352.706,1702,658470
-98.865,352.722,-3.398,352.722,1703,658471
-98.884,352.825,-3.323,352.825,1704,658514
-98.900,353.008,-3.260,353.008,1705,658515
-98.906,353.258,-3.211,353.258,1706,658516
-98.895,353.559,-3.177,353.559,1707,658517
-98.886,353.910,-3.152,353.910,1708,658518
-98.880,354.290,-3.129,354.290,1709,658519
-98.858,354.674,-3.114,354.674,1710,658520
-98.812,355.084,-3.123,355.084,1711,658521
-98.759,355.526,-3.161,355.526,1712,658522
-98.711,355.961,-3.213,355.961,1713,658564
-98.675,356.364,-3.265,356.364,1714,658565
-98.662,356.743,-3.307,356.743,1715,658566
-98.674,357.164,-3.348,357.164,1716,658567
-98.679,357.657,-3.398,357.657,1717,658568
-98.664,358.190,-3.449,358.190,1718,658614
-98.636,358.701,-3.490,358.701,1719,658615
-98.610,359.152,-3.520,359.152,1720,658616
-98.588,359.543,-3.544,359.543,1721,658617
-98.553,359.888,-3.561,359.888,1722,658618
-98.527,0.191,-3.564,0.191,1723,658664
-98.518,0.486,-3.551,0.486,1724,658665
-98.508,0.781,-3.529,0.781,1725,658666
-98.495,1.088,-3.508,1.088,1726,658667
-98.483,1.429,-3.488,1.429,1727,658668
-98.472,1.799,-3.467,1.799,1728,658714
-98.461,2.182,-3.446,2.182,1729,658715
-98.443,2.576,-3.430,2.576,1730,658716
-98.418,2.978,-3.423,2.978,1731,658717
-98.394,3.384,-3.418,3.384,1732,658718
-98.380,3.790,-3.408,3.790,1733,658765
-98.379,4.229,-3.412,4.229,1734,658766
-98.375,4.681,-3.413,4.681,1735,658767
-98.360,5.124,-3.408,5.124,1736,658814
-98.345,5.567,-3.405,5.567,1737,658815
-98.320,5.974,-3.396,5.974,1738,658816
-98.300,6.303,-3.378,6.303,1739,658817
-98.273,6.530,-3.363,6.530,1740,658818
-98.256,6.672,-3.350,6.672,1741,658819
-98.250,6.741,-3.331,6.741,1742,658820
-98.258,6.723,-3.297,6.723,1743,658915
-98.237,6.546,-3.261,6.546,1744,658916
-98.208,6.244,-3.254,6.244,1745,658917
-98.233,5.952,-3.273,5.952,1746,659014
-98.276,5.708,-3.302,5.708,1747,659016
-98.311,5.488,-3.335,5.488,1748,659017
-98.339,5.286,-3.375,5.286,1749,659019
-98.372,5.103,-3.421,5.103,1750,659020
-98.411,4.917,-3.469,4.917,1751,659022
-98.449,4.691,-3.514,4.691,1752,659024
-98.485,4.407,-3.550,4.407,1753,659026
-98.520,4.086,-3.579,4.086,1754,659064
-98.551,3.751,-3.601,3.751,1755,659066
-98.574,3.415,-3.616,3.415,1756,659067
-98.595,3.096,-3.633,3.096,1757,659069
-98.621,2.823,-3.658,2.823,1758,659070
-98.654,2.596,-3.689,2.596,1759,659072
-98.697,2.422,-3.728,2.422,1760,659074
-98.741,2.301,-3.776,2.301,1761,659076
-98.776,2.226,-3.835,2.226,1762,659214
-98.810,2.212,-3.905,2.212,1763,659215
-98.841,2.253,-3.987,2.253,1764,659264
-98.865,2.340,-4.078,2.340,1765,659265
-98.885,2.445,-4.169,2.445,1766,659266
-98.902,2.537,-4.252,2.537,1767,659267
-98.920,2.603,-4.330,2.603,1768,659268
-98.933,2.636,-4.404,2.636,1769,659269
-98.951,2.626,-4.470,2.626,1770,659270
-98.977,2.589,-4.526,2.589,1771,659271
-99.007,2.551,-4.576,2.551,1772,659314
-99.039,2.523,-4.621,2.523,1773,659315
-99.066,2.523,-4.664,2.523,1774,659316
-99.095,2.566,-4.704,2.566,1775,659317
-99.126,2.717,-4.817,2.717,1776,659318
-99.149,2.894,-4.943,2.894,1777,659319
-99.172,2.964,-4.980,2.964,1778,659320
-99.184,3.043,-5.023,3.043,1779,659321
-99.198,3.131,-5.075,3.131,1780,659413
-99.201,3.300,-5.199,3.300,1781,659415
-99.213,3.416,-5.293,3.416,1782,659416
-99.226,3.460,-5.344,3.460,1783,659417
-99.238,3.477,-5.394,3.477,1784,659418
-99.254,3.458,-5.444,3.458,1785,659419
-99.310,3.354,-5.544,3.354,1786,659420
-99.343,3.285,-5.594,3.285,1787,659421
-99.374,3.211,-5.642,3.211,1788,659422
-99.408,3.133,-5.695,3.133,1789,659463
-99.453,3.035,-5.734,3.035,1790,659464
-99.492,2.948,-5.774,2.948,1791,659466
-99.517,2.874,-5.815,2.874,1792,659467
-99.528,2.819,-5.856,2.819,1793,659468
-99.535,2.796,-5.900,2.796,1794,659469
-99.540,2.802,-5.945,2.802,1795,659564
-99.543,2.820,-5.986,2.820,1796,659565
-99.547,2.825,-6.017,2.825,1797,659566
-99.552,2.799,-6.038,2.799,1798,659567
-99.561,2.730,-6.053,2.730,1799,659568
-99.586,2.634,-6.065,2.634,1800,659569
-99.620,2.534,-6.079,2.534,1801,659570
-99.656,2.451,-6.096,2.451,1802,659571
-99.685,2.390,-6.117,2.390,1803,659614
-99.703,2.350,-6.143,2.350,1804,659615
-99.709,2.323,-6.169,2.323,1805,659616
-99.710,2.288,-6.193,2.288,1806,659617
-99.732,2.289,-6.260,2.289,1807,659618
-99.758,2.266,-6.328,2.266,1808,659619
-99.790,2.218,-6.396,2.218,1809,659620
-99.826,2.154,-6.459,2.154,1810,659621
-99.863,2.087,-6.523,2.087,1811,659622
-99.907,2.031,-6.589,2.031,1812,659714
-99.956,2.001,-6.650,2.001,1813,659715
-99.995,1.982,-6.698,1.982,1814,659764
-100.015,1.943,-6.734,1.943,1815,659765
-100.022,1.875,-6.764,1.875,1816,659766
-100.030,1.809,-6.797,1.809,1817,659767
-100.041,1.752,-6.837,1.752,1818,659768
-100.049,1.684,-6.877,1.684,1819,659770
-100.063,1.623,-6.916,1.623,1820,659771
-100.076,1.591,-6.957,1.591,1821,659772
-100.101,1.589,-7.016,1.589,1822,659774
-100.108,1.542,-7.029,1.542,1823,659814
-100.105,1.515,-7.046,1.515,1824,659816
-100.098,1.500,-7.064,1.500,1825,659818
-100.089,1.481,-7.078,1.481,1826,659821
-100.078,1.457,-7.086,1.457,1827,659823
-100.066,1.426,-7.088,1.426,1828,659825
-100.052,1.374,-7.081,1.374,1829,659827
-100.038,1.319,-7.073,1.319,1830,659830
-100.026,1.271,-7.066,1.271,1831,659864
-100.018,1.247,-7.072,1.247,1832,659866
-100.008,1.251,-7.085,1.251,1833,659914
-99.992,1.236,-7.073,1.236,1834,659915
-99.975,1.223,-7.062,1.223,1835,659916
-99.955,1.214,-7.051,1.214,1836,659918
-99.931,1.210,-7.035,1.210,1837,659919
-99.913,1.223,-7.032,1.223,1838,659920
-99.900,1.210,-7.012,1.210,1839,659922
-99.892,1.185,-6.990,1.185,1840,659923
-99.892,1.163,-6.968,1.163,1841,659926
-99.892,1.144,-6.949,1.144,1842,660014
-99.895,1.159,-6.967,1.159,1843,660015
-99.890,1.123,-6.951,1.123,1844,660016
-99.879,1.081,-6.940,1.081,1845,660017
-99.861,1.036,-6.934,1.036,1846,660019
-99.843,0.983,-6.926,0.983,1847,660020
-99.824,1.008,-6.984,1.008,1848,660022
-99.800,1.053,-7.047,1.053,1849,660023
-99.772,1.119,-7.113,1.119,1850,660025
-99.745,1.194,-7.178,1.194,1851,660064
-99.723,1.258,-7.234,1.258,1852,660114
-99.701,1.289,-7.273,1.289,1853,660115
-99.679,1.287,-7.297,1.287,1854,660116
-99.658,1.266,-7.319,1.266,1855,660117
-99.645,1.212,-7.322,1.212,1856,660119
-99.635,1.152,-7.322,1.152,1857,660120
-99.632,1.096,-7.319,1.096,1858,660122
-99.627,1.049,-7.312,1.049,1859,660123
-99.619,1.046,-7.329,1.046,1860,660125
-99.608,1.075,-7.356,1.075,1861,660214
-99.586,1.119,-7.387,1.119,1862,660215
-99.559,1.170,-7.415,1.170,1863,660216
-99.531,1.232,-7.441,1.232,1864,660217
-99.502,1.297,-7.462,1.297,1865,660219
-99.476,1.362,-7.480,1.362,1866,660220
-99.448,1.437,-7.499,1.437,1867,660222
-99.419,1.519,-7.519,1.519,1868,660223
-99.389,1.601,-7.540,1.601,1869,660225
-99.357,1.679,-7.560,1.679,1870,660313
-99.328,1.754,-7.582,1.754,1871,660315
-99.302,1.817,-7.596,1.817,1872,660316
-99.281,1.867,-7.606,1.867,1873,660317
-99.261,1.911,-7.607,1.911,1874,660319
-99.244,1.952,-7.607,1.952,1875,660320
-99.228,1.994,-7.616,1.994,1876,660322
-99.215,2.042,-7.629,2.042,1877,660323
-99.199,2.100,-7.645,2.100,1878,660325
-99.180,2.170,-7.671,2.170,1879,660363
-99.160,2.248,-7.699,2.248,1880,660365
-99.137,2.318,-7.719,2.318,1881,660366
-99.110,2.396,-7.744,2.396,1882,660367
-99.084,2.475,-7.767,2.475,1883,660369
-99.057,2.551,-7.788,2.551,1884,660370
-99.035,2.613,-7.806,2.613,1885,660372
-99.025,2.675,-7.820,2.675,1886,660373
-99.013,2.733,-7.828,2.733,1887,660375
-99.006,2.785,-7.835,2.785,1888,660413
-99.001,2.830,-7.842,2.830,1889,660415
-98.998,2.872,-7.855,2.872,1890,660416
-98.988,2.903,-7.868,2.903,1891,660417
-98.973,2.924,-7.882,2.924,1892,660464
-98.954,2.938,-7.891,2.938,1893,660465
-98.935,2.957,-7.901,2.957,1894,660466
-98.915,2.981,-7.911,2.981,1895,660467
-98.893,3.008,-7.921,3.008,1896,660469
-98.871,3.045,-7.935,3.045,1897,660470
-98.852,3.096,-7.952,3.096,1898,660472
-98.836,3.153,-7.969,3.153,1899,660473
-98.828,3.211,-7.984,3.211,1900,660476
-98.823,3.261,-7.997,3.261,1901,660514
-98.818,3.298,-8.007,3.298,1902,660564
-98.808,3.317,-8.015,3.317,1903,660565
-98.797,3.322,-8.021,3.322,1904,660566
-98.781,3.320,-8.027,3.320,1905,660567
-98.761,3.318,-8.035,3.318,1906,660569
-98.738,3.329,-8.047,3.329,1907,660570
-98.717,3.352,-8.063,3.352,1908,660572
-98.699,3.391,-8.084,3.391,1909,660664
-98.688,3.435,-8.107,3.435,1910,660666
-98.678,3.482,-8.128,3.482,1911,660668
-98.667,3.535,-8.150,3.535,1912,660670
-98.655,3.591,-8.168,3.591,1913,660672
-98.641,3.643,-8.184,3.643,1914,660674
-98.626,3.687,-8.195,3.687,1915,660677
-98.608,3.725,-8.204,3.725,1916,660679
-98.591,3.762,-8.212,3.762,1917,660682
-98.575,3.798,-8.220,3.798,1918,660713
-98.568,3.843,-8.231,3.843,1919,660716
-98.561,3.898,-8.245,3.898,1920,660718
-98.553,3.968,-8.263,3.968,1921,660720
-98.546,4.045,-8.283,4.045,1922,660722
-98.537,4.125,-8.304,4.125,1923,660724
-98.528,4.203,-8.324,4.203,1924,660727
-98.520,4.276,-8.348,4.276,1925,660764
-98.507,4.336,-8.369,4.336,1926,660766
-98.494,4.389,-8.388,4.389,1927,660769
-98.483,4.440,-8.406,4.440,1928,660771
-98.468,4.484,-8.423,4.484,1929,660773
-98.452,4.523,-8.440,4.523,1930,660775
-98.436,4.556,-8.456,4.556,1931,660814
-98.418,4.580,-8.472,4.580,1932,660864
-98.401,4.590,-8.485,4.590,1933,660865
-98.385,4.599,-8.497,4.599,1934,660866
-98.376,4.599,-8.507,4.599,1935,660868
-98.370,4.591,-8.517,4.591,1936,660869
-98.374,4.573,-8.524,4.573,1937,660870
-98.380,4.547,-8.534,4.547,1938,660872
-98.387,4.518,-8.544,4.518,1939,660913
-98.394,4.484,-8.554,4.484,1940,660915
-98.401,4.444,-8.560,4.444,1941,660916
-98.408,4.398,-8.564,4.398,1942,660917
-98.416,4.349,-8.567,4.349,1943,660964
-98.424,4.298,-8.568,4.298,1944,660965
-98.432,4.246,-8.569,4.246,1945,660966
-98.440,4.195,-8.572,4.195,1946,660968
-98.448,4.152,-8.576,4.152,1947,660969
-98.456,4.115,-8.581,4.115,1948,660970
-98.461,4.079,-8.581,4.079,1949,660972
-98.467,4.049,-8.584,4.049,1950,660973
-98.471,4.019,-8.587,4.019,1951,660976
-98.476,3.987,-8.590,3.987,1952,661114
-98.482,3.955,-8.599,3.955,1953,661115
-98.488,3.924,-8.608,3.924,1954,661116
-98.494,3.899,-8.624,3.899,1955,661118
-98.498,3.880,-8.644,3.880,1956,661119
-98.501,3.865,-8.665,3.865,1957,661120
-98.504,3.854,-8.690,3.854,1958,661122
-98.507,3.850,-8.719,3.850,1959,661123
-98.509,3.861,-8.753,3.861,1960,661126
-98.510,3.891,-8.792,3.891,1961,661164
-98.509,3.938,-8.834,3.938,1962,661165
-98.505,3.997,-8.878,3.997,1963,661166
-98.499,4.060,-8.919,4.060,1964,661168
-98.492,4.116,-8.953,4.116,1965,661169
-98.486,4.168,-8.984,4.168,1966,661171
-98.487,4.213,-9.012,4.213,1967,661172
-98.491,4.251,-9.040,4.251,1968,661174
-98.498,4.281,-9.068,4.281,1969,661263
-98.507,4.299,-9.097,4.299,1970,661265
-98.521,4.308,-9.127,4.308,1971,661266
-98.536,4.318,-9.160,4.318,1972,661314
-98.553,4.338,-9.200,4.338,1973,661315
-98.568,4.377,-9.247,4.377,1974,661316
-98.574,4.434,-9.301,4.434,1975,661318
-98.574,4.489,-9.353,4.489,1976,661319
-98.574,4.537,-9.400,4.537,1977,661321
-98.574,4.579,-9.440,4.579,1978,661322
-98.574,4.616,-9.477,4.616,1979,661324
-98.584,4.653,-9.511,4.653,1980,661326
-98.592,4.688,-9.545,4.688,1981,661414
-98.593,4.722,-9.577,4.722,1982,661464
-98.594,4.752,-9.607,4.752,1983,661465
-98.595,4.778,-9.632,4.778,1984,661466
-98.595,4.800,-9.654,4.800,1985,661468
-98.594,4.828,-9.672,4.828,1986,661469
-98.591,4.856,-9.685,4.856,1987,661471
-98.588,4.880,-9.694,4.880,1988,661472
-98.585,4.895,-9.695,4.895,1989,661474
-98.583,4.905,-9.696,4.905,1990,661476
-98.582,4.912,-9.697,4.912,1991,661564
-98.582,4.912,-9.697,4.912,1992,661566
-98.582,4.914,-9.698,4.914,1993,661568
-98.583,4.918,-9.702,4.918,1994,661570
-98.583,4.923,-9.706,4.923,1995,661572
-98.582,4.927,-9.710,4.927,1996,661613
-98.581,4.931,-9.713,4.931,1997,661663
-98.579,4.935,-9.716,4.935,1998,661666
-98.578,4.945,-9.726,4.945,1999,661668
-98.576,4.959,-9.739,4.959,2000,661670
-98.576,4.972,-9.751,4.972,2001,661714
-98.576,4.982,-9.761,4.982,2002,661718
-98.578,4.976,-9.761,4.976,2003,661721
-98.578,4.977,-9.762,4.977,2004,661724
-98.578,4.977,-9.762,4.977,2005,661728
-98.578,4.978,-9.763,4.978,2006,661730
-98.577,4.980,-9.764,4.980,2007,661733
-98.576,4.990,-9.768,4.990,2008,661736
-98.575,5.000,-9.771,5.000,2009,661740
-98.575,5.004,-9.774,5.004,2010,661764
-98.574,5.015,-9.779,5.015,2011,661767
-98.572,5.029,-9.784,5.029,2012,661769
-98.566,5.070,-9.793,5.070,2013,661772
-98.555,5.099,-9.800,5.099,2014,661774
-98.542,5.127,-9.807,5.127,2015,661776
-98.537,5.152,-9.813,5.152,2016,661779
-98.534,5.169,-9.816,5.169,2017,661780
-98.533,5.178,-9.818,5.178,2018,661783
-98.501,5.191,-9.828,5.191,2019,661814
-98.489,5.207,-9.835,5.207,2020,661816
-98.486,5.219,-9.835,5.219,2021,661818
-98.482,5.234,-9.836,5.234,2022,661820
-98.476,5.275,-9.845,5.275,2023,661864
-98.471,5.301,-9.853,5.301,2024,661865
-98.466,5.326,-9.860,5.326,2025,661866
-98.461,5.349,-9.865,5.349,2026,661868
-98.456,5.367,-9.870,5.367,2027,661869
-98.453,5.379,-9.874,5.379,2028,661870
-98.450,5.384,-9.879,5.384,2029,661872
-98.448,5.393,-9.886,5.393,2030,661874
-98.445,5.409,-9.895,5.409,2031,661876
-98.434,5.428,-9.903,5.428,2032,661914
-98.422,5.446,-9.906,5.446,2033,661915
-98.411,5.466,-9.908,5.466,2034,661916
-98.406,5.486,-9.909,5.486,2035,661964
-98.401,5.512,-9.916,5.512,2036,661965
-98.397,5.539,-9.924,5.539,2037,661967
-98.391,5.570,-9.935,5.570,2038,662013
-98.386,5.605,-9.946,5.605,2039,662015
-98.380,5.643,-9.958,5.643,2040,662016
-98.373,5.677,-9.968,5.677,2041,662017
-98.366,5.710,-9.976,5.710,2042,662064
-98.361,5.740,-9.983,5.740,2043,662114
-98.355,5.768,-9.989,5.768,2044,662115
-98.351,5.797,-9.996,5.797,2045,662117
-98.346,5.830,-10.005,5.830,2046,662118
-98.341,5.864,-10.013,5.864,2047,662163
-98.335,5.898,-10.021,5.898,2048,662165
-98.329,5.933,-10.029,5.933,2049,662166
-98.323,5.967,-10.035,5.967,2050,662167
-98.317,6.001,-10.041,6.001,2051,662169
-98.311,6.033,-10.046,6.033,2052,662170
-98.307,6.063,-10.050,6.063,2053,662172
-98.303,6.091,-10.054,6.091,2054,662174
-98.299,6.116,-10.057,6.116,2055,662175
-98.295,6.140,-10.060,6.140,2056,662213
-98.292,6.158,-10.063,6.158,2057,662214
-98.290,6.173,-10.065,6.173,2058,662216
-98.288,6.184,-10.066,6.184,2059,662217
-98.287,6.193,-10.068,6.193,2060,662218
-98.287,6.193,-10.068,6.193,2061,662264
-98.286,6.194,-10.068,6.194,2062,662265
-98.286,6.201,-10.076,6.201,2063,662266
-98.286,6.210,-10.084,6.210,2064,662268
-98.286,6.219,-10.093,6.219,2065,662269
-98.286,6.228,-10.102,6.228,2066,662271
-98.288,6.228,-10.109,6.228,2067,662272
-98.289,6.219,-10.108,6.219,2068,662274
-98.291,6.206,-10.106,6.206,2069,662276
-98.293,6.190,-10.104,6.190,2070,662314
-98.295,6.175,-10.101,6.175,2071,662315
-98.297,6.157,-10.099,6.157,2072,662316
-98.300,6.137,-10.097,6.137,2073,662318
-98.303,6.111,-10.095,6.111,2074,662319
-98.308,6.080,-10.092,6.080,2075,662320
-98.314,6.049,-10.091,6.049,2076,662322
-98.318,6.022,-10.090,6.022,2077,662324
-98.322,6.000,-10.090,6.000,2078,662326
-98.325,5.983,-10.090,5.983,2079,662363
-98.328,5.966,-10.091,5.966,2080,662365
-98.332,5.947,-10.091,5.947,2081,662464
-98.336,5.924,-10.091,5.924,2082,662465
-98.340,5.900,-10.091,5.900,2083,662466
-98.343,5.876,-10.093,5.876,2084,662468
-98.346,5.855,-10.095,5.855,2085,662469
-98.348,5.835,-10.098,5.835,2086,662470
-98.349,5.811,-10.094,5.811,2087,662513
-98.349,5.788,-10.086,5.788,2088,662515
-98.348,5.770,-10.074,5.770,2089,662516
-98.345,5.756,-10.060,5.756,2090,662517
-98.341,5.752,-10.042,5.752,2091,662519
-98.334,5.751,-10.021,5.751,2092,662520
-98.327,5.750,-9.999,5.750,2093,662522
-98.320,5.749,-9.977,5.749,2094,662524
-98.314,5.749,-9.960,5.749,2095,662525
-98.324,5.770,-9.959,5.770,2096,662563
-98.337,5.818,-9.968,5.818,2097,662566
-98.352,5.945,-9.978,5.945,2098,662568
-98.376,6.110,-9.958,6.110,2099,662570
