211.094,16510,-81.833,3100,177.228,211.094
211.014,16512,-81.848,3101,177.276,211.014
210.897,16513,-81.861,3102,177.322,210.897
210.769,16514,-81.856,3103,177.361,210.769
210.665,16515,-81.842,3104,177.384,210.665
210.603,16516,-81.827,3105,177.391,210.603
210.608,16518,-81.803,3106,177.372,210.608
210.669,16560,-81.776,3107,177.335,210.669
210.770,16562,-81.749,3108,177.286,210.770
210.875,16565,-81.719,3109,177.231,210.875
210.968,16567,-81.683,3110,177.176,210.968
211.033,16568,-81.645,3111,177.124,211.033
211.068,16570,-81.608,3112,177.074,211.068
211.081,16572,-81.570,3113,177.027,211.081
211.092,16574,-81.532,3114,176.979,211.092
211.176,16576,-81.376,3115,176.801,211.176
211.165,16760,-81.357,3116,176.782,211.165
211.162,16762,-81.344,3117,176.765,211.162
211.194,16763,-81.331,3118,176.746,211.194
211.272,16909,-81.321,3119,176.726,211.272
211.376,16911,-81.313,3120,176.707,211.376
211.533,16913,-81.256,3121,176.689,211.533
211.492,16915,-81.243,3122,176.694,211.492
211.439,16917,-81.224,3123,176.700,211.439
211.405,17010,-81.200,3124,176.705,211.405
211.406,17060,-81.178,3125,176.705,211.406
211.427,17062,-81.159,3126,176.703,211.427
211.464,17064,-81.131,3127,176.693,211.464
211.492,17109,-81.115,3128,176.692,211.492
211.511,17111,-81.104,3129,176.696,211.511
211.508,17113,-81.095,3130,176.700,211.508
211.501,17209,-81.082,3131,176.694,211.501
211.489,17210,-81.058,3132,176.673,211.489
211.455,17259,-81.034,3133,176.663,211.455
211.452,17260,-81.007,3134,176.637,211.452
211.482,17262,-80.975,3135,176.600,211.482
211.535,17263,-80.941,3136,176.557,211.535
211.594,17264,-80.908,3137,176.516,211.594
211.731,17266,-80.661,3138,176.318,211.731
211.753,17267,-80.632,3139,176.290,211.753
211.774,17268,-80.602,3140,176.265,211.774
211.922,17269,-80.316,3141,176.068,211.922
211.929,17309,-80.287,3142,176.041,211.929
211.948,17359,-80.257,3143,176.012,211.948
211.970,17361,-80.230,3144,175.985,211.970
211.996,17362,-80.208,3145,175.961,211.996
212.001,17364,-80.105,3146,175.848,212.001
212.098,17365,-79.984,3147,175.689,212.098
212.110,17409,-79.973,3148,175.666,212.110
212.109,17410,-79.962,3149,175.647,212.109
212.097,17459,-79.924,3150,175.603,212.097
212.125,17460,-79.908,3151,175.586,212.125
212.166,17462,-79.888,3152,175.564,212.166
212.945,17463,-79.649,3153,175.277,212.945
213.042,17464,-79.612,3154,175.265,213.042
212.537,17466,-79.539,3155,175.395,212.537
212.183,17467,-79.505,3156,175.460,212.183
211.819,17468,-79.473,3157,175.519,211.819
211.487,17469,-79.446,3158,175.566,211.487
211.230,17609,-79.414,3159,175.603,211.230
211.048,17610,-79.382,3160,175.623,211.048
210.930,17612,-79.359,3161,175.628,210.930
210.845,17613,-79.337,3162,175.621,210.845
210.796,17614,-79.313,3163,175.595,210.796
210.829,17616,-79.284,3164,175.531,210.829
210.953,17710,-79.243,3165,175.431,210.953
211.141,17711,-79.193,3166,175.306,211.141
211.365,17712,-79.137,3167,175.168,211.365
211.585,17714,-79.081,3168,175.033,211.585
211.770,17715,-79.033,3169,174.919,211.770
211.905,17716,-79.007,3170,174.828,211.905
212.005,17718,-78.981,3171,174.753,212.005
212.455,17719,-78.841,3172,174.418,212.455
212.659,17720,-78.800,3173,174.331,212.659
212.877,17860,-78.743,3174,174.247,212.877
213.136,17861,-78.687,3175,174.151,213.136
213.492,17862,-78.641,3176,174.026,213.492
213.944,17863,-78.596,3177,173.875,213.944
214.461,17865,-78.558,3178,173.701,214.461
215.049,17866,-78.512,3179,173.496,215.049
215.705,17867,-78.451,3180,173.262,215.705
220.037,17869,-77.790,3181,171.620,220.037
220.535,17910,-77.663,3182,171.385,220.535
221.025,17914,-77.527,3183,171.144,221.025
221.501,17915,-77.386,3184,170.903,221.501
221.950,17960,-77.246,3185,170.669,221.950
222.345,17962,-77.104,3186,170.441,222.345
223.717,17965,-76.434,3187,169.484,223.717
224.104,17966,-76.271,3188,169.235,224.104
224.532,17969,-76.112,3189,168.982,224.532
224.988,17971,-75.951,3190,168.728,224.988
225.468,17973,-75.794,3191,168.472,225.468
225.959,17975,-75.634,3192,168.211,225.959
226.460,17977,-75.465,3193,167.943,226.460
226.646,18060,-75.458,3194,167.940,226.646
227.115,18067,-75.274,3195,167.662,227.115
230.509,18069,-73.879,3196,165.598,230.509
231.109,18070,-73.742,3197,165.335,231.109
231.703,18071,-73.605,3198,165.071,231.703
232.273,18072,-73.456,3199,164.803,232.273
232.801,18074,-73.298,3200,164.535,232.801
233.293,18075,-73.152,3201,164.277,233.293
233.760,18110,-73.024,3202,164.037,233.760
234.200,18112,-72.929,3203,163.829,234.200
234.586,18114,-72.877,3204,163.667,234.586
234.920,18116,-72.869,3205,163.554,234.920
235.225,18118,-72.905,3206,163.491,235.225
235.528,18120,-72.986,3207,163.479,235.528
235.795,18121,-73.124,3208,163.533,235.795
235.932,18122,-73.348,3209,163.682,235.932
235.897,18159,-73.680,3210,163.948,235.897
235.687,18161,-74.127,3211,164.342,235.687
235.308,18162,-74.684,3212,164.855,235.308
234.768,18163,-75.347,3213,165.483,234.768
234.057,18165,-76.123,3214,166.229,234.057
233.122,18166,-77.015,3215,167.092,233.122
231.876,18167,-78.010,3216,168.061,231.876
230.467,18168,-79.058,3217,169.091,230.467
228.922,18170,-80.209,3218,170.228,228.922
227.256,18259,-81.410,3219,171.422,227.256
225.521,18260,-82.639,3220,172.647,225.521
223.882,18360,-83.871,3221,173.877,223.882
222.466,18364,-85.077,3222,175.083,222.466
221.209,18365,-86.233,3223,176.246,221.209
219.989,18366,-87.342,3224,177.375,219.989
218.771,18368,-88.393,3225,178.485,218.771
217.576,18369,-89.258,3226,179.598,217.576
216.448,18370,-88.977,3227,-179.261,216.448
215.374,18371,-87.917,3228,-178.087,215.374
214.317,18459,-86.734,3229,-176.884,214.317
213.287,18460,-85.508,3230,-175.668,213.287
212.214,18461,-84.258,3231,-174.434,212.214
211.059,18462,-83.015,3232,-173.203,211.059
209.778,18559,-81.802,3233,-171.995,209.778
208.318,18560,-80.630,3234,-170.822,208.318
206.660,18561,-79.459,3235,-169.657,206.660
204.886,18562,-78.274,3236,-168.492,204.886
203.031,18563,-77.082,3237,-167.328,203.031
201.156,18564,-75.885,3238,-166.162,201.156
199.312,18565,-74.710,3239,-165.012,199.312
197.542,18566,-73.589,3240,-163.917,197.542
195.846,18567,-72.530,3241,-162.885,195.846
194.246,18610,-71.542,3242,-161.913,194.246
188.385,18611,-68.324,3243,-158.712,188.385
187.140,18612,-67.753,3244,-158.140,187.140
186.015,18613,-67.266,3245,-157.649,186.015
184.971,18614,-66.832,3246,-157.210,184.971
184.041,18615,-66.449,3247,-156.819,184.041
183.277,18616,-66.106,3248,-156.469,183.277
182.650,18617,-65.792,3249,-156.151,182.650
182.104,18618,-65.516,3250,-155.873,182.104
180.982,18660,-64.977,3251,-155.348,180.982
180.733,18661,-64.895,3252,-155.266,180.733
180.539,18662,-64.855,3253,-155.225,180.539
180.401,18663,-64.874,3254,-155.259,180.401
180.281,18664,-65.555,3255,-155.936,180.281
180.013,18709,-65.669,3256,-156.035,180.013
179.691,18711,-65.769,3257,-156.129,179.691
179.340,18712,-65.841,3258,-156.197,179.340
178.942,18760,-65.874,3259,-156.232,178.942
178.464,18761,-65.875,3260,-156.236,178.464
177.947,18763,-65.844,3261,-156.203,177.947
177.399,18765,-65.777,3262,-156.134,177.399
176.793,18766,-65.675,3263,-156.031,176.793
176.121,18768,-65.537,3264,-155.895,176.121
175.453,18769,-65.396,3265,-155.761,175.453
174.848,18771,-65.276,3266,-155.654,174.848
174.357,18772,-65.182,3267,-155.585,174.357
174.007,18909,-65.141,3268,-155.565,174.007
173.803,18910,-65.186,3269,-155.628,173.803
173.841,18911,-65.337,3270,-155.824,173.841
174.215,18912,-65.641,3271,-156.208,174.215
174.776,18913,-66.054,3272,-156.690,174.776
175.309,18914,-66.381,3273,-157.060,175.309
175.970,18915,-66.506,3274,-157.303,175.970
176.488,18916,-66.474,3275,-157.551,176.488
176.112,18917,-66.479,3276,-157.689,176.112
174.839,18959,-66.657,3277,-157.609,174.839
173.467,18960,-66.696,3278,-157.405,173.467
172.679,18961,-66.633,3279,-157.251,172.679
173.073,18962,-66.667,3280,-157.326,173.073
175.134,18963,-66.976,3281,-157.814,175.134
178.083,18964,-67.528,3282,-158.712,178.083
180.996,18965,-68.120,3283,-159.802,180.996
183.258,18966,-68.748,3284,-160.941,183.258
185.093,18967,-69.432,3285,-162.040,185.093
186.494,19009,-70.140,3286,-162.920,186.494
187.367,19010,-70.718,3287,-163.554,187.367
187.969,19011,-71.314,3288,-164.171,187.969
188.261,19012,-71.820,3289,-164.697,188.261
188.383,19013,-72.280,3290,-165.159,188.383
188.505,19015,-72.781,3291,-165.631,188.505
188.737,19016,-73.328,3292,-166.148,188.737
189.166,19060,-73.898,3293,-166.723,189.166
189.746,19209,-74.472,3294,-167.336,189.746
190.448,19210,-75.022,3295,-167.968,190.448
191.262,19211,-75.531,3296,-168.604,191.262
192.186,19212,-75.979,3297,-169.224,192.186
193.255,19213,-76.397,3298,-169.837,193.255
194.442,19214,-76.808,3299,-170.453,194.442
195.659,19216,-77.231,3300,-171.072,195.659
196.838,19217,-77.681,3301,-171.698,196.838
197.935,19218,-78.165,3302,-172.333,197.935
198.952,19259,-78.678,3303,-172.976,198.952
200.004,19260,-79.189,3304,-173.636,200.004
201.074,19261,-79.683,3305,-174.302,201.074
202.200,19262,-80.138,3306,-174.962,202.200
203.377,19263,-80.530,3307,-175.596,203.377
204.510,19264,-80.861,3308,-176.184,204.510
205.553,19265,-81.137,3309,-176.730,205.553
206.502,19266,-81.362,3310,-177.252,206.502
207.382,19360,-81.542,3311,-177.767,207.382
208.188,19361,-81.681,3312,-178.288,208.188
208.910,19362,-81.781,3313,-178.818,208.910
209.554,19363,-81.854,3314,-179.366,209.554
210.101,19364,-81.878,3315,-179.920,210.101
211.873,19509,-81.557,3316,177.816,211.873
212.298,19511,-81.394,3317,177.273,212.298
212.722,19513,-81.194,3318,176.761,212.722
213.162,19560,-80.974,3319,176.271,213.162
213.655,19561,-80.738,3320,175.790,213.655
214.192,19563,-80.504,3321,175.331,214.192
214.753,19565,-80.292,3322,174.902,214.753
215.326,19566,-80.091,3323,174.497,215.326
215.897,19568,-79.903,3324,174.113,215.897
216.493,19570,-79.722,3325,173.740,216.493
217.154,19571,-79.546,3326,173.368,217.154
217.858,19573,-79.381,3327,173.002,217.858
218.555,19610,-79.229,3328,172.646,218.555
219.238,19611,-79.081,3329,172.294,219.238
219.924,19759,-78.927,3330,171.946,219.924
220.611,19760,-78.767,3331,171.604,220.611
221.292,19761,-78.607,3332,171.269,221.292
221.897,19762,-78.446,3333,170.952,221.897
222.357,19763,-78.280,3334,170.660,222.357
222.710,19764,-78.109,3335,170.375,222.710
223.041,19765,-77.919,3336,170.076,223.041
223.399,19766,-77.706,3337,169.755,223.399
228.973,19767,-75.780,3338,166.668,228.973
229.774,19860,-75.545,3339,166.307,229.774
230.557,19910,-75.323,3340,165.972,230.557
232.672,19911,-74.904,3341,165.261,232.672
233.231,19912,-74.901,3342,165.192,233.231
233.557,19913,-75.032,3343,165.281,233.557
233.590,19914,-75.336,3344,165.553,233.590
233.346,19915,-75.821,3345,166.009,233.346
232.855,19916,-76.471,3346,166.626,232.855
232.147,19917,-77.256,3347,167.375,232.147
231.180,19918,-78.168,3348,168.253,231.180
229.958,20010,-79.162,3349,169.222,229.958
228.456,20011,-80.216,3350,170.259,228.456
226.653,20012,-81.296,3351,171.335,226.653
212.147,20013,-87.824,3352,-178.032,212.147
211.232,20014,-86.753,3353,-176.916,211.232
210.455,20015,-85.635,3354,-175.777,210.455
209.725,20016,-84.501,3355,-174.635,209.725
208.945,20017,-83.355,3356,-173.483,208.945
208.070,20610,-82.219,3357,-172.333,208.070
207.022,20611,-81.097,3358,-171.191,207.022
205.803,20613,-79.992,3359,-170.068,205.803
201.520,20615,-76.869,3360,-166.949,201.520
194.306,20616,-72.466,3361,-162.645,194.306
193.004,20618,-71.729,3362,-161.923,193.004
191.743,20620,-71.024,3363,-161.239,191.743
190.535,20621,-70.378,3364,-160.610,190.535
189.381,20623,-69.805,3365,-160.042,189.381
188.303,20710,-69.289,3366,-159.530,188.303
187.330,20910,-68.817,3367,-159.064,187.330
186.405,20960,-68.386,3368,-158.634,186.405
185.497,21110,-67.984,3369,-158.233,185.497
184.557,21112,-67.592,3370,-157.837,184.557
183.604,21113,-67.211,3371,-157.444,183.604
182.660,21115,-66.837,3372,-157.050,182.660
181.623,21309,-66.458,3373,-156.647,181.623
180.469,21461,-66.095,3374,-156.256,180.469
179.312,21462,-65.772,3375,-155.905,179.312
178.256,21464,-65.511,3376,-155.614,178.256
177.312,21466,-65.311,3377,-155.387,177.312
176.453,21610,-65.179,3378,-155.232,176.453
148.115,21612,-74.109,3379,-164.168,148.115
147.261,21613,-74.667,3380,-164.744,147.261
146.493,21615,-75.235,3381,-165.337,146.493
145.727,21617,-75.821,3382,-165.951,145.727
144.910,21619,-76.425,3383,-166.581,144.910
144.036,21621,-77.019,3384,-167.202,144.036
143.086,21624,-77.569,3385,-167.786,143.086
142.011,21626,-78.058,3386,-168.319,142.011
140.859,21709,-78.496,3387,-168.814,140.859
138.500,21711,-79.253,3388,-169.738,138.500
101.999,21713,-83.244,3389,-178.571,101.999
91.275,21715,-82.412,3390,179.776,91.275
65.544,21717,-79.531,3391,179.459,65.544
65.874,21719,-79.357,3392,179.389,65.874
66.500,21721,-79.201,3393,179.300,66.500
67.378,21723,-79.077,3394,179.197,67.378
68.959,21726,-78.734,3395,178.295,68.959
65.277,21760,-78.695,3396,177.180,65.277
63.610,21762,-78.624,3397,177.337,63.610
61.620,21764,-78.526,3398,177.509,61.620
59.475,21766,-78.450,3399,177.689,59.475
45.818,21768,-77.526,3400,178.906,45.818
45.023,21771,-77.483,3401,178.977,45.023
44.190,21773,-77.449,3402,179.053,44.190
43.312,21775,-77.425,3403,179.136,43.312
42.414,21777,-77.390,3404,179.210,42.414
41.530,21810,-77.334,3405,179.256,41.530
40.655,21813,-77.258,3406,179.261,40.655
39.754,21816,-77.159,3407,179.229,39.754
38.840,21819,-77.044,3408,179.167,38.840
37.009,21821,-76.845,3409,179.007,37.009
36.145,21824,-76.728,3410,178.936,36.145
35.350,21827,-76.611,3411,178.874,35.350
34.672,21830,-76.519,3412,178.811,34.672
34.180,21860,-76.468,3413,178.736,34.180
33.891,21862,-76.475,3414,178.646,33.891
33.764,21865,-76.535,3415,178.550,33.764
33.756,21866,-76.634,3416,178.461,33.756
33.902,21868,-76.745,3417,178.372,33.902
34.171,21869,-76.852,3418,178.276,34.171
34.502,21870,-76.940,3419,178.177,34.502
34.869,21959,-77.004,3420,178.075,34.869
35.241,21961,-77.045,3421,177.965,35.241
35.597,21962,-77.071,3422,177.849,35.597
35.942,21963,-77.081,3423,177.727,35.942
36.272,21964,-77.089,3424,177.602,36.272
36.580,21966,-77.111,3425,177.473,36.580
36.813,21967,-77.145,3426,177.351,36.813
36.904,21969,-77.182,3427,177.259,36.904
36.852,21970,-77.249,3428,177.208,36.852
36.733,22059,-77.330,3429,177.183,36.733
36.663,22060,-77.385,3430,177.153,36.663
36.698,22062,-77.421,3431,177.095,36.698
36.841,22063,-77.449,3432,177.014,36.841
37.084,22064,-77.454,3433,176.918,37.084
37.406,22066,-77.442,3434,176.798,37.406
37.779,22109,-77.427,3435,176.643,37.779
38.198,22110,-77.416,3436,176.449,38.198
38.617,22111,-77.403,3437,176.224,38.617
38.967,22113,-77.385,3438,175.994,38.967
39.237,22114,-77.368,3439,175.773,39.237
39.449,22115,-77.343,3440,175.560,39.449
39.646,22117,-77.295,3441,175.348,39.646
39.835,22260,-77.234,3442,175.131,39.835
40.026,22261,-77.174,3443,174.915,40.026
40.241,22262,-77.112,3444,174.701,40.241
40.490,22309,-77.042,3445,174.489,40.490
40.771,22560,-76.971,3446,174.279,40.771
41.051,22561,-76.902,3447,174.081,41.051
41.320,22563,-76.821,3448,173.894,41.320
41.564,22564,-76.741,3449,173.714,41.564
41.794,22565,-76.654,3450,173.530,41.794
42.030,22567,-76.562,3451,173.329,42.030
42.291,22568,-76.455,3452,173.104,42.291
42.573,22569,-76.337,3453,172.863,42.573
42.879,22659,-76.215,3454,172.610,42.879
43.229,23059,-76.083,3455,172.346,43.229
43.617,23109,-75.939,3456,172.073,43.617
44.007,23160,-75.787,3457,171.793,44.007
44.410,23260,-75.626,3458,171.503,44.410
44.847,23460,-75.455,3459,171.200,44.847
45.328,23660,-75.285,3460,170.880,45.328
45.846,23661,-75.119,3461,170.549,45.846
46.369,23710,-74.951,3462,170.217,46.369
46.859,23712,-74.775,3463,169.893,46.859
47.324,23713,-74.585,3464,169.570,47.324
47.783,23715,-74.383,3465,169.244,47.783
48.258,23759,-74.174,3466,168.910,48.258
40.272,23761,-77.847,3467,175.601,40.272
51.276,23809,-80.116,3468,171.674,51.276
50.868,23810,-80.740,3469,172.200,50.868
50.422,23812,-81.475,3470,172.811,50.422
49.883,23813,-82.306,3471,173.518,49.883
49.234,23814,-83.216,3472,174.322,49.234
48.401,23909,-84.184,3473,175.217,48.401
47.366,23910,-85.175,3474,176.194,47.366
46.157,23911,-86.138,3475,177.228,46.157
41.980,23912,-87.804,3476,-179.488,41.980
1.683,23914,-58.982,3477,-97.486,1.683
0.371,23915,-58.944,3478,-97.369,0.371
358.377,23916,-58.670,3479,-97.291,358.377
352.652,23917,-57.278,3480,-95.801,352.652
354.986,23918,-62.796,3481,-108.144,354.986
2.386,23960,-72.910,3482,-165.269,2.386
3.428,23961,-73.391,3483,-165.837,3.428
7.093,23962,-75.090,3484,-167.896,7.093
7.925,24010,-75.479,3485,-168.390,7.925
8.778,24011,-75.867,3486,-168.903,8.778
15.999,24012,-79.415,3487,-174.864,15.999
17.644,24013,-79.921,3488,-175.876,17.644
18.350,24060,-80.154,3489,-176.340,18.350
20.395,24060,-80.775,3490,-177.971,20.395
20.810,24062,-80.852,3491,-178.351,20.810
21.229,24063,-80.879,3492,-178.732,21.229
21.651,24064,-80.881,3493,-179.110,21.651
22.054,24065,-80.868,3494,-179.476,22.054
25.424,24066,-80.612,3495,178.115,25.424
26.277,24259,-80.585,3496,177.664,26.277
27.177,24260,-80.552,3497,177.224,27.177
28.070,24262,-80.506,3498,176.806,28.070
28.921,24263,-80.453,3499,176.405,28.921
29.693,24264,-80.391,3500,176.025,29.693
30.348,24265,-80.307,3501,175.669,30.348
30.887,24266,-80.193,3502,175.335,30.887
31.355,24409,-80.050,3503,175.010,31.355
31.793,24459,-79.897,3504,174.681,31.793
32.245,24460,-79.745,3505,174.336,32.245
32.717,24462,-79.595,3506,173.970,32.717
33.218,24463,-79.444,3507,173.581,33.218
33.745,24510,-79.280,3508,173.177,33.745
34.300,24511,-79.107,3509,172.761,34.300
34.885,24660,-78.936,3510,172.341,34.885
35.487,24662,-78.769,3511,171.921,35.487
36.103,24663,-78.605,3512,171.507,36.103
36.743,24809,-78.444,3513,171.103,36.743
37.401,24811,-78.283,3514,170.714,37.401
38.075,24814,-78.126,3515,170.343,38.075
38.787,24816,-77.978,3516,169.986,38.787
39.563,24818,-77.842,3517,169.641,39.563
43.349,24820,-81.180,3518,171.402,43.349
42.116,24821,-82.169,3519,172.339,42.116
40.644,24823,-83.163,3520,173.303,40.644
38.913,24826,-84.125,3521,174.260,38.913
36.979,24859,-85.045,3522,175.203,36.979
35.016,24861,-85.929,3523,176.142,35.016
33.240,24863,-86.774,3524,177.078,33.240
22.307,24865,-83.741,3525,-174.318,22.307
15.602,24910,-79.463,3526,-169.782,15.602
13.945,24912,-78.658,3527,-168.974,13.945
12.289,24914,-77.879,3528,-168.208,12.289
10.638,24916,-77.151,3529,-167.500,10.638
7.402,24917,-75.861,3530,-166.223,7.402
5.939,24918,-75.259,3531,-165.615,5.939
351.603,24919,-68.037,3532,-158.354,351.603
350.473,24920,-67.619,3533,-157.905,350.473
349.461,24922,-67.241,3534,-157.498,349.461
338.138,24959,-63.942,3535,-25.995,338.138
337.339,24960,-63.592,3536,-26.328,337.339
336.536,24962,-63.227,3537,-85.279,336.536
335.694,24963,-62.876,3538,-84.968,335.694
334.818,24964,-62.557,3539,-84.743,334.818
333.943,24966,-62.274,3540,-84.570,333.943
333.147,24967,-62.036,3541,-84.447,333.147
332.417,24968,-61.840,3542,-84.284,332.417
331.695,25009,-61.681,3543,-83.988,331.695
330.948,25159,-61.565,3544,-83.621,330.948
330.243,25161,-61.504,3545,-83.229,330.243
329.616,25162,-61.501,3546,-82.800,329.616
329.038,25163,-61.561,3547,-82.325,329.038
328.493,25165,-61.686,3548,-81.833,328.493
327.989,25166,-61.878,3549,-81.349,327.989
327.533,25167,-62.133,3550,-80.785,327.533
327.092,25168,-62.437,3551,-80.114,327.092
326.612,25211,-62.781,3552,-79.334,326.612
326.054,25212,-63.165,3553,-78.445,326.054
325.386,25213,-63.590,3554,-25.732,325.386
324.609,25214,-64.052,3555,-25.166,324.609
323.765,25215,-64.543,3556,-24.565,323.765
322.921,25217,-65.047,3557,-23.953,322.921
322.122,25259,-65.549,3558,-23.349,322.122
321.372,25260,-66.041,3559,-22.773,321.372
320.650,25262,-66.541,3560,-22.224,320.650
319.943,25263,-67.075,3561,-21.676,319.943
319.292,25264,-67.654,3562,-21.102,319.292
318.770,25267,-68.267,3563,-20.508,318.770
318.490,25268,-68.848,3564,-19.965,318.490
318.508,25269,-69.335,3565,-19.573,318.508
315.836,25270,-69.455,3566,-19.820,315.836
314.108,25309,-69.043,3567,-20.197,314.108
312.505,25310,-68.645,3568,-20.572,312.505
311.349,25359,-68.344,3569,-20.848,311.349
310.919,25361,-68.241,3570,-20.955,310.919
311.269,25362,-68.412,3571,-20.841,311.269
312.099,25363,-68.872,3572,-20.514,312.099
313.077,25365,-69.602,3573,-19.938,313.077
313.884,25366,-70.502,3574,-19.154,313.884
314.370,25367,-71.426,3575,-18.308,314.370
314.452,25368,-72.244,3576,-17.531,314.452
314.096,25409,-72.905,3577,-16.879,314.096
313.337,25411,-73.464,3578,-16.309,313.337
312.316,25412,-73.990,3579,-15.769,312.316
311.192,25413,-74.514,3580,-15.237,311.192
310.067,25414,-75.045,3581,-14.709,310.067
309.015,25416,-75.587,3582,-14.179,309.015
308.085,25417,-76.147,3583,-13.639,308.085
307.265,25459,-76.732,3584,-13.079,307.265
306.516,25460,-77.337,3585,-12.501,306.516
305.789,25462,-77.943,3586,-11.922,305.789
305.024,25463,-78.529,3587,-11.365,305.024
304.159,25464,-79.104,3588,-10.817,304.159
303.123,25466,-79.660,3589,-10.286,303.123
301.832,25467,-80.194,3590,-9.773,301.832
300.356,25468,-80.722,3591,-9.260,300.356
298.789,25469,-81.251,3592,-8.742,298.789
297.186,25509,-81.764,3593,-8.236,297.186
295.663,25510,-82.292,3594,-172.294,295.663
294.237,25512,-82.885,3595,-172.898,294.237
292.855,25513,-83.580,3596,-173.602,292.855
291.398,25559,-84.369,3597,-174.394,291.398
289.717,25560,-85.222,3598,-175.244,289.717
287.767,25562,-86.087,3599,-176.102,287.767
285.558,25563,-86.911,3600,-176.921,285.558
283.152,25565,-87.664,3601,-177.676,283.152
280.675,25566,-88.323,3602,-178.361,280.675
278.189,25567,-88.809,3603,-178.983,278.189
275.741,25568,-88.921,3604,-179.541,275.741
273.371,25610,-88.611,3605,179.966,273.371
271.081,25612,-88.126,3606,179.531,271.081
268.839,25613,-87.609,3607,179.142,268.839
266.641,25614,-87.096,3608,178.791,266.641
264.514,25660,-86.591,3609,178.478,264.514
262.420,25662,-86.099,3610,178.208,262.420
260.319,25664,-85.611,3611,177.992,260.319
258.218,25666,-85.128,3612,177.823,258.218
256.127,25668,-84.672,3613,177.691,256.127
254.005,25759,-84.270,3614,177.584,254.005
251.810,25861,-83.911,3615,177.497,251.810
249.504,25910,-83.577,3616,177.433,249.504
247.102,25960,-83.273,3617,177.389,247.102
244.648,25961,-83.007,3618,177.364,244.648
242.219,25962,-82.760,3619,177.359,242.219
239.836,25963,-82.527,3620,177.378,239.836
237.452,25965,-82.310,3621,177.423,237.452
235.022,25966,-82.106,3622,177.490,235.022
232.549,25967,-81.924,3623,177.580,232.549
230.067,25968,-81.761,3624,177.690,230.067
227.622,25970,-81.597,3625,177.814,227.622
225.271,26010,-81.433,3626,177.948,225.271
223.099,26011,-81.259,3627,178.081,223.099
221.154,26012,-81.103,3628,178.192,221.154
219.494,26013,-80.970,3629,178.255,219.494
218.178,26059,-80.867,3630,178.264,218.178
217.216,26060,-80.791,3631,178.239,217.216
216.524,26061,-80.729,3632,178.204,216.524
216.028,26062,-80.671,3633,178.175,216.028
215.753,26064,-80.615,3634,178.160,215.753
215.727,26065,-80.559,3635,178.159,215.727
215.904,26066,-80.515,3636,178.162,215.904
218.749,26068,-80.757,3637,177.969,218.749
218.861,26160,-80.884,3638,177.987,218.861
218.466,26259,-81.057,3639,178.053,218.466
218.242,26260,-81.034,3640,178.077,218.242
218.034,26262,-81.003,3641,178.104,218.034
217.863,26263,-80.969,3642,178.114,217.863
217.688,26264,-80.931,3643,178.112,217.688
217.471,26265,-80.893,3644,178.091,217.471
217.229,26267,-80.836,3645,178.052,217.229
216.951,26268,-80.771,3646,178.002,216.951
216.621,26310,-80.705,3647,177.947,216.621
216.274,26359,-80.637,3648,177.877,216.274
215.934,26409,-80.554,3649,177.777,215.934
215.605,26411,-80.436,3650,177.648,215.605
215.312,26412,-80.305,3651,177.491,215.312
215.099,26413,-80.167,3652,177.301,215.099
215.002,26414,-80.032,3653,177.077,215.002
215.015,26416,-79.920,3654,176.829,215.015
215.109,26417,-79.814,3655,176.579,215.109
215.237,26418,-79.697,3656,176.346,215.237
215.315,26509,-79.596,3657,176.143,215.315
215.297,26511,-79.518,3658,175.973,215.297
215.161,26514,-79.453,3659,175.830,215.161
214.917,26516,-79.388,3660,175.707,214.917
214.086,26518,-78.929,3661,174.955,214.086
214.131,26520,-78.939,3662,174.906,214.131
214.143,26521,-78.937,3663,174.874,214.143
214.098,26524,-78.936,3664,174.865,214.098
214.006,26526,-78.941,3665,174.878,214.006
213.896,26560,-78.956,3666,174.908,213.896
213.790,26562,-78.983,3667,174.957,213.790
213.692,26565,-79.026,3668,175.023,213.692
213.211,26566,-79.252,3669,175.292,213.211
213.075,26568,-79.333,3670,175.367,213.075
213.318,26570,-79.616,3671,175.320,213.318
213.443,26610,-79.674,3672,175.266,213.443
213.510,26612,-79.717,3673,175.216,213.510
213.500,26614,-79.741,3674,175.175,213.500
213.420,26616,-79.754,3675,175.149,213.420
213.274,26618,-79.760,3676,175.145,213.274
213.087,26620,-79.755,3677,175.162,213.087
212.885,26622,-79.759,3678,175.197,212.885
212.486,26624,-79.835,3679,175.373,212.486
212.443,26659,-79.910,3680,175.442,212.443
212.464,26661,-80.004,3681,175.505,212.464
212.545,26662,-80.113,3682,175.561,212.545
212.667,26663,-80.230,3683,175.615,212.667
212.796,26664,-80.342,3684,175.673,212.796
212.882,26666,-80.442,3685,175.737,212.882
212.890,26667,-80.525,3686,175.804,212.890
212.831,26668,-80.590,3687,175.867,212.831
212.746,26709,-80.643,3688,175.916,212.746
212.655,26710,-80.683,3689,175.949,212.655
212.569,26809,-80.715,3690,175.968,212.569
212.493,26810,-80.739,3691,175.977,212.493
212.423,26910,-80.758,3692,175.986,212.423
212.354,26911,-80.783,3693,176.001,212.354
212.302,26960,-80.806,3694,176.021,212.302
212.919,26961,-79.829,3695,175.495,212.919
212.886,26962,-79.857,3696,175.526,212.886
212.847,26963,-79.893,3697,175.563,212.847
212.825,26965,-79.941,3698,175.597,212.825
212.820,26966,-79.992,3699,175.625,212.820
212.833,26967,-80.047,3700,175.647,212.833
212.846,27010,-80.116,3701,175.669,212.846
212.856,27011,-80.198,3702,175.692,212.856
212.865,27012,-80.259,3703,175.720,212.865
212.888,27060,-80.310,3704,175.742,212.888
212.924,27159,-80.349,3705,175.754,212.924
212.984,27161,-80.380,3706,175.756,212.984
213.072,27162,-80.407,3707,175.744,213.072
213.164,27163,-80.435,3708,175.732,213.164
213.249,27164,-80.458,3709,175.720,213.249
213.321,27166,-80.475,3710,175.711,213.321
213.369,27167,-80.491,3711,175.705,213.369
213.392,27168,-80.499,3712,175.702,213.392
213.382,27169,-80.499,3713,175.703,213.382
213.169,27259,-80.632,3714,175.728,213.169
213.144,27261,-80.643,3715,175.752,213.144
213.266,27262,-80.686,3716,175.834,213.266
213.374,27263,-80.685,3717,175.835,213.374
213.479,27264,-80.694,3718,175.839,213.479
213.582,27266,-80.703,3719,175.844,213.582
213.688,27267,-80.722,3720,175.844,213.688
213.780,27268,-80.732,3721,175.842,213.780
213.836,27269,-80.737,3722,175.844,213.836
213.886,27309,-80.737,3723,175.837,213.886
213.956,27310,-80.731,3724,175.818,213.956
214.017,27312,-80.711,3725,175.792,214.017
214.075,27314,-80.692,3726,175.770,214.075
213.867,27315,-80.680,3727,175.547,213.867
213.635,27317,-80.612,3728,175.521,213.635
213.413,27319,-80.540,3729,175.504,213.413
213.232,27320,-80.485,3730,175.496,213.232
213.087,27322,-80.448,3731,175.493,213.087
212.955,27359,-80.428,3732,175.497,212.955
212.833,27362,-80.417,3733,175.507,212.833
212.747,27365,-80.402,3734,175.510,212.747
212.697,27367,-80.381,3735,175.508,212.697
212.635,27370,-80.352,3736,175.511,212.635
212.623,27373,-80.353,3737,175.524,212.623
212.613,27375,-80.363,3738,175.544,212.613
212.611,27378,-80.377,3739,175.570,212.611
212.616,27381,-80.395,3740,175.602,212.616
212.615,27459,-80.426,3741,175.646,212.615
212.587,27460,-80.474,3742,175.706,212.587
212.508,27462,-80.528,3743,175.783,212.508
212.408,27464,-80.574,3744,175.861,212.408
212.330,27465,-80.610,3745,175.926,212.330
212.300,27467,-80.640,3746,175.969,212.300
212.303,27468,-80.664,3747,175.987,212.303
212.310,27470,-80.680,3748,175.986,212.310
212.290,27472,-80.697,3749,175.988,212.290
212.280,27510,-80.705,3750,175.976,212.280
212.294,27511,-80.706,3751,175.954,212.294
212.335,27513,-80.710,3752,175.923,212.335
212.391,27516,-80.718,3753,175.892,212.391
212.432,27518,-80.736,3754,175.870,212.432
212.448,27519,-80.765,3755,175.861,212.448
212.275,27521,-80.781,3756,176.015,212.275
212.132,27660,-80.792,3757,176.148,212.132
212.021,27661,-80.795,3758,176.265,212.021
211.897,27663,-80.785,3759,176.398,211.897
211.700,27665,-80.782,3760,176.585,211.700
211.633,27666,-80.829,3761,176.628,211.633
211.521,27668,-80.872,3762,176.678,211.521
211.392,27669,-80.911,3763,176.733,211.392
211.250,27671,-80.951,3764,176.794,211.250
211.094,27673,-80.992,3765,176.864,211.094
210.950,27709,-81.034,3766,176.942,210.950
210.809,27711,-81.082,3767,177.032,210.809
210.687,27712,-81.131,3768,177.128,210.687
210.599,27714,-81.171,3769,177.227,210.599
210.516,27716,-81.212,3770,177.334,210.516
210.418,27718,-81.262,3771,177.449,210.418
210.306,27759,-81.308,3772,177.569,210.306
210.179,27760,-81.340,3773,177.686,210.179
210.136,27762,-81.417,3774,177.723,210.136
210.084,27764,-81.470,3775,177.773,210.084
210.010,27765,-81.514,3776,177.833,210.010
209.900,27767,-81.545,3777,177.909,209.900
209.792,27769,-81.577,3778,177.979,209.792
209.708,27810,-81.610,3779,178.042,209.708
209.627,27811,-81.647,3780,178.105,209.627
209.551,27813,-81.678,3781,178.167,209.551
209.479,27815,-81.703,3782,178.232,209.479
209.404,27816,-81.735,3783,178.297,209.404
209.352,27818,-81.774,3784,178.360,209.352
209.325,27819,-81.822,3785,178.420,209.325
209.320,27821,-81.873,3786,178.473,209.320
209.333,27823,-81.922,3787,178.519,209.333
209.353,27860,-81.967,3788,178.560,209.353
209.368,27861,-82.008,3789,178.597,209.368
209.378,27862,-82.048,3790,178.630,209.378
209.379,27863,-82.090,3791,178.658,209.379
209.359,27865,-82.139,3792,178.687,209.359
209.327,27866,-82.174,3793,178.717,209.327
209.310,27867,-82.196,3794,178.746,209.310
209.320,27869,-82.234,3795,178.769,209.320
209.356,27909,-82.264,3796,178.783,209.356
209.406,27911,-82.293,3797,178.795,209.406
209.467,27912,-82.323,3798,178.800,209.467
209.525,27913,-82.352,3799,178.804,209.525
209.572,27915,-82.376,3800,178.806,209.572
209.612,28010,-82.393,3801,178.808,209.612
209.647,28011,-82.406,3802,178.810,209.647
209.674,28012,-82.414,3803,178.816,209.674
209.702,28014,-82.425,3804,178.822,209.702
209.739,28015,-82.440,3805,178.828,209.739
209.810,28016,-82.452,3806,178.822,209.810
209.895,28018,-82.477,3807,178.813,209.895
209.990,28019,-82.511,3808,178.803,209.990
210.094,28110,-82.543,3809,178.792,210.094
210.199,28117,-82.569,3810,178.783,210.199
210.310,28159,-82.593,3811,178.773,210.310
210.427,28259,-82.620,3812,178.768,210.427
210.530,28261,-82.658,3813,178.771,210.530
210.629,28264,-82.695,3814,178.768,210.629
210.719,28266,-82.727,3815,178.768,210.719
210.807,28268,-82.754,3816,178.769,210.807
210.862,28270,-82.788,3817,178.794,210.862
210.916,28272,-82.816,3818,178.816,210.916
210.951,28274,-82.841,3819,178.841,210.951
210.958,28276,-82.865,3820,178.873,210.958
210.941,28309,-82.896,3821,178.912,210.941
210.927,28359,-82.922,3822,178.946,210.927
210.928,28361,-82.935,3823,178.967,210.928
210.929,28362,-82.940,3824,178.979,210.929
210.918,28363,-82.946,3825,178.988,210.918
210.905,28365,-82.957,3826,178.990,210.905
210.887,28366,-82.973,3827,178.987,210.887
210.884,28367,-82.986,3828,178.979,210.884
210.908,28369,-82.997,3829,178.967,210.908
210.951,28370,-83.008,3830,178.949,210.951
211.001,28409,-83.021,3831,178.926,211.001
211.051,28410,-83.040,3832,178.905,211.051
211.093,28412,-83.067,3833,178.892,211.093
211.149,28413,-83.099,3834,178.838,211.149
211.163,28415,-83.105,3835,178.798,211.163
211.160,28416,-83.104,3836,178.758,211.160
211.140,28417,-83.092,3837,178.715,211.140
211.104,28510,-83.078,3838,178.673,211.104
211.058,28659,-83.050,3839,178.635,211.058
211.010,28759,-83.022,3840,178.598,211.010
210.967,28761,-83.001,3841,178.564,210.967
210.933,28810,-82.995,3842,178.533,210.933
210.908,28811,-82.990,3843,178.501,210.908
210.890,28812,-82.977,3844,178.465,210.890
210.867,28813,-82.968,3845,178.428,210.867
210.830,28859,-82.958,3846,178.389,210.830
210.778,28860,-82.947,3847,178.351,210.778
210.722,28862,-82.936,3848,178.313,210.722
210.665,28863,-82.930,3849,178.283,210.665
210.603,28865,-82.931,3850,178.260,210.603
210.524,28866,-82.931,3851,178.242,210.524
210.427,28867,-82.929,3852,178.228,210.427
210.318,28869,-82.925,3853,178.216,210.318
210.199,28870,-82.918,3854,178.203,210.199
210.076,28909,-82.916,3855,178.188,210.076
209.967,28910,-82.918,3856,178.173,209.967
209.883,28912,-82.911,3857,178.157,209.883
209.833,28913,-82.892,3858,178.141,209.833
209.830,28915,-82.870,3859,178.124,209.830
209.869,28916,-82.850,3860,178.106,209.869
209.812,28917,-82.728,3861,177.891,209.812
210.090,28918,-82.865,3862,178.015,210.090
210.106,28960,-82.870,3863,178.029,210.106
210.095,28961,-82.889,3864,178.066,210.095
210.103,28962,-82.889,3865,178.065,210.103
210.115,29009,-82.889,3866,178.064,210.115
210.135,29159,-82.889,3867,178.062,210.135
210.157,29162,-82.897,3868,178.059,210.157
210.189,29164,-82.905,3869,178.056,210.189
210.238,29166,-82.918,3870,178.050,210.238
210.299,29168,-82.930,3871,178.044,210.299
210.350,29170,-82.944,3872,178.049,210.350
210.390,29173,-82.956,3873,178.060,210.390
210.425,29175,-82.970,3874,178.073,210.425
210.457,29177,-82.985,3875,178.089,210.457
210.474,29209,-82.998,3876,178.108,210.474
210.475,29211,-83.011,3877,178.131,210.475
210.468,29213,-83.025,3878,178.155,210.468
210.456,29215,-83.034,3879,178.177,210.456
210.447,29218,-83.049,3880,178.194,210.447
210.444,29220,-83.055,3881,178.211,210.444
210.444,29260,-83.061,3882,178.227,210.444
210.437,29262,-83.066,3883,178.242,210.437
210.421,29264,-83.071,3884,178.258,210.421
210.394,29359,-83.076,3885,178.274,210.394
210.370,29361,-83.082,3886,178.290,210.370
210.356,29362,-83.087,3887,178.304,210.356
210.341,29363,-83.091,3888,178.319,210.341
209.973,29365,-83.151,3889,178.556,209.973
209.939,29366,-83.151,3890,178.590,209.939
209.905,29368,-83.151,3891,178.624,209.905
209.871,29369,-83.158,3892,178.657,209.871
209.830,29370,-83.171,3893,178.689,209.830
209.801,29509,-83.189,3894,178.718,209.801
209.770,29510,-83.207,3895,178.748,209.770
209.740,29512,-83.220,3896,178.779,209.740
209.708,29513,-83.228,3897,178.810,209.708
209.685,29515,-83.234,3898,178.841,209.685
209.661,29516,-83.240,3899,178.872,209.661
209.632,29518,-83.245,3900,178.901,209.632
209.606,29519,-83.249,3901,178.927,209.606
209.576,29520,-83.254,3902,178.950,209.576
209.542,29559,-83.251,3903,178.971,209.542
209.499,29560,-83.242,3904,178.992,209.499
209.443,29562,-83.232,3905,179.015,209.443
209.386,29563,-83.222,3906,179.037,209.386
209.268,29565,-83.237,3907,179.086,209.268
209.264,29566,-83.239,3908,179.091,209.264
209.285,29567,-83.239,3909,179.089,209.285
209.321,29569,-83.245,3910,179.080,209.321
209.359,29570,-83.253,3911,179.070,209.359
209.408,29659,-83.266,3912,179.058,209.408
209.478,29660,-83.279,3913,179.045,209.478
209.560,29662,-83.290,3914,179.034,209.560
209.643,29663,-83.302,3915,179.026,209.643
209.867,29665,-83.343,3916,179.019,209.867
209.879,29666,-83.345,3917,179.029,209.879
209.898,29667,-83.347,3918,179.039,209.898
209.945,29669,-83.348,3919,179.044,209.945
210.015,29670,-83.356,3920,179.044,210.015
210.097,29709,-83.369,3921,179.042,210.097
210.182,29710,-83.380,3922,179.031,210.182
210.251,29711,-83.394,3923,179.030,210.251
210.310,29713,-83.404,3924,179.031,210.310
210.357,29714,-83.414,3925,179.038,210.357
210.402,29716,-83.418,3926,179.046,210.402
210.448,29717,-83.421,3927,179.055,210.448
210.496,29718,-83.423,3928,179.061,210.496
210.543,29720,-83.431,3929,179.063,210.543
210.586,29760,-83.442,3930,179.060,210.586
210.623,29761,-83.452,3931,179.057,210.623
210.661,29762,-83.459,3932,179.053,210.661
210.702,29764,-83.466,3933,179.049,210.702
210.747,29765,-83.466,3934,179.044,210.747
210.800,29859,-83.466,3935,179.039,210.800
210.867,29861,-83.466,3936,179.032,210.867
210.950,29862,-83.466,3937,179.024,210.950
211.041,29863,-83.467,3938,179.020,211.041
211.147,29865,-83.473,3939,179.009,211.147
211.255,29866,-83.479,3940,178.999,211.255
211.360,29867,-83.479,3941,178.988,211.360
211.462,29868,-83.479,3942,178.978,211.462
211.554,29871,-83.479,3943,178.969,211.554
211.636,30009,-83.490,3944,178.953,211.636
211.702,30011,-83.502,3945,178.936,211.702
211.744,30014,-83.509,3946,178.919,211.744
211.750,30016,-83.513,3947,178.912,211.750
211.759,30018,-83.515,3948,178.903,211.759
211.779,30020,-83.521,3949,178.889,211.779
211.810,30022,-83.529,3950,178.870,211.810
211.845,30059,-83.542,3951,178.852,211.845
211.873,30061,-83.564,3952,178.844,211.873
211.899,30063,-83.586,3953,178.847,211.899
211.926,30065,-83.605,3954,178.854,211.926
211.960,30159,-83.614,3955,178.857,211.960
212.002,30161,-83.613,3956,178.856,212.002
212.041,30162,-83.620,3957,178.852,212.041
212.063,30163,-83.634,3958,178.850,212.063
212.075,30165,-83.654,3959,178.849,212.075
212.099,30166,-83.675,3960,178.837,212.099
212.130,30167,-83.697,3961,178.823,212.130
212.154,30169,-83.714,3962,178.812,212.154
212.162,30170,-83.729,3963,178.803,212.162
212.170,30209,-83.744,3964,178.795,212.170
212.172,30210,-83.755,3965,178.785,212.172
212.175,30212,-83.768,3966,178.770,212.175
212.179,30213,-83.785,3967,178.752,212.179
212.191,30215,-83.801,3968,178.730,212.191
212.214,30216,-83.818,3969,178.707,212.214
212.235,30217,-83.835,3970,178.686,212.235
212.252,30218,-83.849,3971,178.668,212.252
212.268,30220,-83.859,3972,178.652,212.268
212.284,30259,-83.864,3973,178.636,212.284
212.289,30261,-83.866,3974,178.619,212.289
212.294,30359,-83.861,3975,178.599,212.294
212.304,30361,-83.856,3976,178.578,212.304
212.436,30362,-83.828,3977,178.472,212.436
212.488,30410,-83.823,3978,178.451,212.488
212.542,30411,-83.819,3979,178.433,212.542
212.601,30509,-83.816,3980,178.419,212.601
212.655,30559,-83.814,3981,178.407,212.655
212.703,30560,-83.813,3982,178.397,212.703
212.743,30659,-83.811,3983,178.387,212.743
212.779,30661,-83.809,3984,178.376,212.779
212.810,30662,-83.806,3985,178.364,212.810
212.830,30663,-83.804,3986,178.355,212.830
212.836,30665,-83.803,3987,178.348,212.836
212.839,30666,-83.803,3988,178.345,212.839
212.836,30667,-83.799,3989,178.348,212.836
212.824,30669,-83.794,3990,178.352,212.824
212.803,30670,-83.785,3991,178.358,212.803
212.776,30809,-83.774,3992,178.364,212.776
212.744,30811,-83.759,3993,178.370,212.744
212.710,30814,-83.741,3994,178.376,212.710
212.670,30816,-83.725,3995,178.380,212.670
212.626,30818,-83.713,3996,178.385,212.626
212.583,30820,-83.699,3997,178.389,212.583
212.537,30860,-83.687,3998,178.393,212.537
212.489,30862,-83.677,3999,178.397,212.489
212.373,30865,-83.651,4000,178.408,212.373
212.343,30911,-83.640,4001,178.411,212.343
212.113,30913,-83.600,4002,178.402,212.113
212.063,30914,-83.590,4003,178.371,212.063
212.057,30915,-83.588,4004,178.364,212.057
211.961,30917,-83.585,4005,178.358,211.961
211.948,30918,-83.585,4006,178.359,211.948
211.940,30919,-83.586,4007,178.360,211.940
211.940,30920,-83.586,4008,178.360,211.940
211.940,30960,-83.587,4009,178.360,211.940
211.940,31009,-83.587,4010,178.360,211.940
211.940,31011,-83.587,4011,178.360,211.940
211.940,31012,-83.587,4012,178.360,211.940
211.941,31013,-83.587,4013,178.359,211.941
211.949,31015,-83.588,4014,178.357,211.949
211.949,31016,-83.588,4015,178.357,211.949
211.949,31017,-83.588,4016,178.357,211.949
211.949,31160,-83.588,4017,178.357,211.949
211.942,31209,-83.588,4018,178.358,211.942
211.935,31210,-83.589,4019,178.359,211.935
211.925,31212,-83.589,4020,178.359,211.925
211.915,31213,-83.589,4021,178.360,211.915
211.876,31214,-83.590,4022,178.363,211.876
211.869,31216,-83.590,4023,178.363,211.869
211.870,31217,-83.591,4024,178.363,211.870
211.870,31310,-83.591,4025,178.362,211.870
211.871,31311,-83.591,4026,178.362,211.871
211.871,31312,-83.591,4027,178.362,211.871
211.871,31360,-83.591,4028,178.362,211.871
211.871,31361,-83.591,4029,178.362,211.871
211.871,31362,-83.591,4030,178.362,211.871
211.871,31364,-83.591,4031,178.362,211.871
211.863,31365,-83.591,4032,178.362,211.863
211.855,31366,-83.591,4033,178.363,211.855
211.845,31410,-83.591,4034,178.364,211.845
211.832,31411,-83.591,4035,178.365,211.832
211.817,31510,-83.591,4036,178.367,211.817
211.801,31511,-83.591,4037,178.368,211.801
211.756,31512,-83.591,4038,178.373,211.756
211.767,31513,-83.592,4039,178.377,211.767
211.714,31515,-83.592,4040,178.382,211.714
211.703,31516,-83.592,4041,178.383,211.703
211.696,31518,-83.592,4042,178.384,211.696
211.696,31519,-83.592,4043,178.384,211.696
211.696,31520,-83.592,4044,178.384,211.696
211.696,31560,-83.592,4045,178.384,211.696
211.696,31561,-83.592,4046,178.384,211.696
211.696,31562,-83.592,4047,178.384,211.696
211.696,31564,-83.592,4048,178.384,211.696
211.688,31565,-83.592,4049,178.385,211.688
211.656,31566,-83.592,4050,178.388,211.656
211.646,31568,-83.592,4051,178.389,211.646
211.639,31660,-83.592,4052,178.389,211.639
211.639,31661,-83.592,4053,178.389,211.639
211.639,31663,-83.592,4054,178.389,211.639
211.639,31710,-83.592,4055,178.389,211.639
211.639,31712,-83.592,4056,178.389,211.639
211.639,31714,-83.592,4057,178.389,211.639
211.641,31859,-83.592,4058,178.389,211.641
211.641,31861,-83.592,4059,178.389,211.641
211.641,31864,-83.592,4060,178.389,211.641
211.641,31866,-83.592,4061,178.389,211.641
211.633,31868,-83.592,4062,178.390,211.633
211.619,31870,-83.592,4063,178.391,211.619
211.603,31872,-83.592,4064,178.393,211.603
211.587,31874,-83.592,4065,178.395,211.587
211.576,31876,-83.592,4066,178.396,211.576
211.576,31910,-83.592,4067,178.396,211.576
211.576,31912,-83.592,4068,178.396,211.576
211.576,32009,-83.592,4069,178.396,211.576
211.561,32011,-83.594,4070,178.403,211.561
211.547,32014,-83.594,4071,178.404,211.547
211.527,32016,-83.594,4072,178.406,211.527
211.505,32018,-83.594,4073,178.408,211.505
211.483,32020,-83.594,4074,178.410,211.483
211.463,32022,-83.594,4075,178.412,211.463
211.445,32024,-83.594,4076,178.414,211.445
211.425,32026,-83.594,4077,178.416,211.425
211.415,32059,-83.594,4078,178.417,211.415
211.402,32061,-83.594,4079,178.418,211.402
211.305,32063,-83.588,4080,178.427,211.305
211.304,32066,-83.594,4081,178.427,211.304
211.304,32068,-83.594,4082,178.427,211.304
211.304,32070,-83.594,4083,178.427,211.304
211.304,32072,-83.594,4084,178.427,211.304
211.304,32074,-83.594,4085,178.427,211.304
211.304,32076,-83.594,4086,178.427,211.304
211.304,32110,-83.594,4087,178.427,211.304
211.298,32111,-83.594,4088,178.428,211.298
211.289,32112,-83.594,4089,178.429,211.289
211.277,32159,-83.594,4090,178.430,211.277
211.267,32209,-83.583,4091,178.411,211.267
211.267,32211,-83.583,4092,178.411,211.267
211.267,32212,-83.583,4093,178.411,211.267
211.267,32213,-83.583,4094,178.411,211.267
211.267,32214,-83.583,4095,178.411,211.267
211.273,32260,-83.581,4096,178.405,211.273
211.281,32261,-83.579,4097,178.397,211.281
211.290,32262,-83.577,4098,178.388,211.290
211.298,32360,-83.583,4099,178.380,211.298
