233.848,964311,-78.420,0,10.440,233.848
233.813,964313,-78.420,1,10.444,233.813
233.776,964315,-78.420,2,10.447,233.776
233.740,964317,-78.415,3,10.458,233.740
233.702,964319,-78.409,4,10.472,233.702
233.663,964359,-78.400,5,10.491,233.663
233.621,964361,-78.390,6,10.515,233.621
233.575,964363,-78.378,7,10.541,233.575
233.523,964366,-78.366,8,10.569,233.523
233.468,964368,-78.352,9,10.599,233.468
224.199,964410,-84.667,10,178.520,224.199
224.122,964412,-84.645,11,178.506,224.122
224.043,964414,-84.623,12,178.492,224.043
223.971,964417,-84.603,13,178.478,223.971
223.907,964459,-84.585,14,178.462,223.907
223.850,964461,-84.565,15,178.446,223.850
223.803,964464,-84.546,16,178.431,223.803
223.773,964466,-84.533,17,178.419,223.773
223.746,964469,-84.525,18,178.412,223.746
223.719,964559,-84.526,19,178.411,223.719
223.705,964561,-84.528,20,178.410,223.705
223.690,964562,-84.531,21,178.418,223.690
223.682,964564,-84.534,22,178.426,223.682
223.677,964565,-84.543,23,178.439,223.677
223.670,964567,-84.555,24,178.454,223.670
223.657,964569,-84.555,25,178.476,223.657
223.632,964571,-84.546,26,178.510,223.632
223.609,964572,-84.543,27,178.548,223.609
223.594,964609,-84.547,28,178.584,223.594
223.593,964610,-84.557,29,178.610,223.593
223.579,964612,-84.571,30,178.662,223.579
223.586,964613,-84.585,31,178.716,223.586
223.609,964615,-84.600,32,178.772,223.609
223.650,964617,-84.614,33,178.825,223.650
223.758,964708,-84.630,34,178.835,223.758
223.865,964710,-84.651,35,178.849,223.865
223.971,964711,-84.671,36,178.863,223.971
224.083,964713,-84.691,37,178.871,224.083
224.201,964715,-84.712,38,178.880,224.201
224.325,964716,-84.731,39,178.893,224.325
224.454,964759,-84.749,40,178.907,224.454
224.590,964761,-84.760,41,178.924,224.590
224.712,964762,-84.768,42,178.950,224.712
224.823,964764,-84.775,43,178.975,224.823
224.923,964765,-84.791,44,178.997,224.923
225.012,964767,-84.809,45,179.015,225.012
225.091,964769,-84.828,46,179.033,225.091
225.157,964771,-84.841,47,179.049,225.157
225.216,964772,-84.845,48,179.067,225.216
225.268,964809,-84.849,49,179.087,225.268
225.323,964810,-84.852,50,179.106,225.323
225.392,964812,-84.855,51,179.123,225.392
225.469,964859,-84.872,52,179.138,225.469
225.544,964861,-84.893,53,179.154,225.544
225.606,964862,-84.918,54,179.173,225.606
225.658,964864,-84.944,55,179.194,225.658
225.711,964865,-84.971,56,179.215,225.711
225.774,964867,-84.997,57,179.235,225.774
225.843,964869,-85.021,58,179.255,225.843
225.912,964909,-85.047,59,179.278,225.912
225.976,964911,-85.072,60,179.302,225.976
226.029,964912,-85.097,61,179.330,226.029
226.075,964914,-85.124,62,179.360,226.075
226.120,964915,-85.148,63,179.390,226.120
226.167,964958,-85.172,64,179.420,226.167
226.216,964960,-85.195,65,179.450,226.216
226.268,964961,-85.217,66,179.480,226.268
226.327,964963,-85.239,67,179.510,226.327
226.399,964964,-85.262,68,179.539,226.399
226.501,965059,-85.280,69,179.561,226.501
226.630,965061,-85.303,70,179.579,226.630
226.781,965062,-85.335,71,179.595,226.781
226.940,965064,-85.369,72,179.611,226.940
227.098,965065,-85.397,73,179.629,227.098
227.244,965067,-85.421,74,179.648,227.244
227.365,965069,-85.446,75,179.668,227.365
227.461,965071,-85.469,76,179.685,227.461
227.541,965072,-85.490,77,179.702,227.541
227.614,965109,-85.508,78,179.717,227.614
227.688,965110,-85.526,79,179.731,227.688
227.760,965112,-85.544,80,179.743,227.760
227.836,965113,-85.558,81,179.754,227.836
227.920,965115,-85.560,82,179.762,227.920
228.012,965116,-85.561,83,179.771,228.012
228.104,965209,-85.573,84,179.779,228.104
228.205,965211,-85.590,85,179.784,228.205
228.312,965214,-85.608,86,179.784,228.312
228.425,965216,-85.628,87,179.777,228.425
228.531,965219,-85.650,88,179.772,228.531
228.622,965221,-85.670,89,179.772,228.622
228.690,965224,-85.690,90,179.779,228.690
228.738,965227,-85.707,91,179.791,228.738
228.765,965260,-85.723,92,179.807,228.765
228.781,965262,-85.737,93,179.823,228.781
228.782,965265,-85.743,94,179.840,228.782
228.770,965267,-85.748,95,179.857,228.770
228.752,965309,-85.751,96,179.874,228.752
228.721,965311,-85.754,97,179.890,228.721
228.686,965312,-85.757,98,179.905,228.686
228.642,965314,-85.759,99,179.916,228.642
228.589,965316,-85.761,100,179.925,228.589
228.526,965318,-85.763,101,179.931,228.526
228.451,965319,-85.771,102,179.936,228.451
228.379,965321,-85.780,103,179.931,228.379
228.311,965408,-85.786,104,179.919,228.311
228.254,965410,-85.786,105,179.904,228.254
228.215,965411,-85.785,106,179.887,228.215
228.193,965413,-85.785,107,179.870,228.193
228.186,965415,-85.776,108,179.850,228.186
228.190,965416,-85.761,109,179.835,228.190
228.190,965418,-85.745,110,179.825,228.190
228.180,965420,-85.729,111,179.819,228.180
228.160,965559,-85.714,112,179.821,228.160
228.144,965561,-85.711,113,179.823,228.144
228.129,965562,-85.709,114,179.824,228.129
228.101,965564,-85.715,115,179.832,228.101
228.071,965566,-85.722,116,179.842,228.071
228.043,965567,-85.730,117,179.853,228.043
228.022,965569,-85.737,118,179.863,228.022
228.014,965571,-85.745,119,179.872,228.014
228.008,965609,-85.754,120,179.877,228.008
228.008,965611,-85.764,121,179.877,228.008
228.003,965612,-85.774,122,179.882,228.003
227.997,965614,-85.776,123,179.888,227.997
227.986,965615,-85.778,124,179.888,227.986
227.957,965617,-85.779,125,179.890,227.957
227.914,965619,-85.780,126,179.893,227.914
227.858,965621,-85.781,127,179.895,227.858
227.798,965622,-85.783,128,179.892,227.798
227.731,965659,-85.785,129,179.886,227.731
227.664,965660,-85.788,130,179.877,227.664
227.600,965709,-85.790,131,179.865,227.600
227.545,965711,-85.792,132,179.851,227.545
227.500,965712,-85.793,133,179.834,227.500
227.468,965714,-85.795,134,179.813,227.468
227.442,965716,-85.797,135,179.789,227.442
227.420,965717,-85.801,136,179.763,227.420
227.400,965719,-85.803,137,179.742,227.400
227.383,965721,-85.804,138,179.726,227.383
227.369,965722,-85.803,139,179.713,227.369
227.360,965809,-85.802,140,179.700,227.360
227.352,965811,-85.801,141,179.686,227.352
227.336,965812,-85.800,142,179.674,227.336
227.313,965815,-85.799,143,179.663,227.313
227.284,965816,-85.798,144,179.651,227.284
227.247,965818,-85.797,145,179.639,227.247
227.207,965820,-85.796,146,179.626,227.207
227.160,965859,-85.794,147,179.615,227.160
227.109,965860,-85.793,148,179.603,227.109
227.056,965862,-85.794,149,179.594,227.056
226.995,965863,-85.795,150,179.586,226.995
226.922,965873,-85.795,151,179.577,226.922
226.839,965874,-85.787,152,179.567,226.839
226.753,965876,-85.774,153,179.551,226.753
226.662,965878,-85.761,154,179.534,226.662
226.566,965879,-85.750,155,179.513,226.566
226.473,965909,-85.740,156,179.490,226.473
226.384,965910,-85.736,157,179.465,226.384
226.296,965912,-85.732,158,179.439,226.296
226.211,965913,-85.728,159,179.413,226.211
226.126,965915,-85.723,160,179.390,226.126
226.040,965917,-85.720,161,179.367,226.040
225.949,965918,-85.717,162,179.348,225.949
225.843,965958,-85.716,163,179.337,225.843
225.719,965960,-85.712,164,179.331,225.719
225.580,965961,-85.706,165,179.323,225.580
225.427,965963,-85.691,166,179.312,225.427
225.262,965964,-85.674,167,179.297,225.262
225.086,966059,-85.654,168,179.280,225.086
224.907,966062,-85.634,169,179.262,224.907
224.740,966064,-85.619,170,179.244,224.740
224.585,966067,-85.603,171,179.225,224.585
224.425,966069,-85.587,172,179.211,224.425
224.250,966072,-85.566,173,179.201,224.250
224.064,966075,-85.541,174,179.193,224.064
223.863,966077,-85.520,175,179.186,223.863
223.642,966109,-85.492,176,179.185,223.642
223.428,966111,-85.466,177,179.193,223.428
223.194,966112,-85.458,178,179.227,223.194
222.969,966114,-85.446,179,179.237,222.969
222.706,966116,-85.419,180,179.256,222.706
222.405,966117,-85.384,181,179.291,222.405
222.098,966119,-85.342,182,179.344,222.098
221.790,966159,-85.294,183,179.401,221.790
221.423,966160,-85.235,184,179.457,221.423
221.012,966162,-85.184,185,179.511,221.012
220.580,966163,-85.150,186,179.560,220.580
220.135,966165,-85.125,187,179.594,220.135
219.738,966209,-85.097,188,179.600,219.738
219.437,966211,-85.065,189,179.569,219.437
219.228,966213,-85.019,190,179.510,219.228
219.084,966214,-84.963,191,179.442,219.084
218.974,966215,-84.904,192,179.369,218.974
218.896,966260,-84.852,193,179.288,218.896
218.863,966260,-84.813,194,179.199,218.863
218.848,966261,-84.783,195,179.106,218.848
218.807,966262,-84.753,196,179.023,218.807
218.707,966263,-84.721,197,178.959,218.707
218.555,966309,-84.681,198,178.910,218.555
218.367,966310,-84.637,199,178.874,218.367
218.153,966359,-84.593,200,178.852,218.153
217.912,966459,-84.553,201,178.844,217.912
217.642,966460,-84.517,202,178.847,217.642
217.364,966461,-84.483,203,178.859,217.364
217.110,966462,-84.443,204,178.872,217.110
216.887,966463,-84.401,205,178.891,216.887
216.705,966464,-84.359,206,178.907,216.705
216.552,966465,-84.320,207,178.927,216.552
216.405,966466,-84.283,208,178.955,216.405
216.239,966467,-84.247,209,178.996,216.239
216.035,966559,-84.207,210,179.048,216.035
215.807,966560,-84.166,211,179.102,215.807
215.592,966561,-84.121,212,179.147,215.592
215.398,966562,-84.065,213,179.180,215.398
215.216,966563,-83.998,214,179.197,215.216
215.053,966564,-83.925,215,179.193,215.053
214.888,966565,-83.850,216,179.168,214.888
214.703,966566,-83.772,217,179.118,214.703
214.514,966609,-83.682,218,179.041,214.514
214.332,966610,-83.602,219,178.929,214.332
214.141,966611,-83.519,220,178.798,214.141
213.929,966612,-83.438,221,178.646,213.929
213.695,966613,-83.340,222,178.480,213.695
213.462,966614,-83.227,223,178.305,213.462
213.223,966615,-83.093,224,178.135,213.223
212.995,966616,-82.956,225,177.969,212.995
212.785,966617,-82.822,226,177.808,212.785
212.597,966759,-82.692,227,177.655,212.597
212.444,966859,-82.568,228,177.510,212.444
212.333,966860,-82.448,229,177.362,212.333
212.285,966861,-82.326,230,177.206,212.285
212.287,966908,-82.211,231,177.044,212.287
212.305,966959,-82.102,232,176.889,212.305
212.328,966960,-81.994,233,176.747,212.328
212.370,967060,-81.884,234,176.605,212.370
212.443,967062,-81.772,235,176.460,212.443
212.555,967064,-81.660,236,176.312,212.555
212.711,967065,-81.559,237,176.159,212.711
212.900,967210,-81.469,238,176.007,212.900
213.072,967211,-81.386,239,175.864,213.072
213.210,967213,-81.304,240,175.729,213.210
213.332,967309,-81.220,241,175.593,213.332
213.465,967310,-81.127,242,175.450,213.465
213.606,967312,-81.029,243,175.301,213.606
213.767,967314,-80.923,244,175.144,213.767
213.955,967315,-80.802,245,174.973,213.955
214.201,967317,-80.667,246,174.776,214.201
214.516,967359,-80.516,247,174.556,214.516
214.890,967360,-80.345,248,174.315,214.890
215.322,967362,-80.159,249,174.055,215.322
218.532,967364,-78.693,250,171.889,218.532
218.762,967365,-78.516,251,171.663,218.762
218.949,967367,-78.358,252,171.453,218.949
219.383,967368,-77.889,253,170.855,219.383
220.720,967370,-77.139,254,169.784,220.720
221.095,967371,-76.945,255,169.515,221.095
225.928,967410,-74.913,256,166.621,225.928
226.453,967411,-74.766,257,166.365,226.453
226.936,967459,-74.640,258,166.132,226.936
227.349,967509,-74.530,259,165.923,227.349
230.490,967659,-74.727,260,165.087,230.490
230.486,967660,-75.044,261,165.346,230.486
230.372,967759,-75.468,262,165.718,230.372
223.068,967760,-82.398,263,7.602,223.068
221.583,967761,-83.508,264,6.490,221.583
220.187,967762,-84.619,265,5.377,220.187
219.004,967763,-85.714,266,4.281,219.004
217.990,967764,-86.790,267,3.205,217.990
217.057,967765,-87.865,268,2.129,217.057
216.147,967766,-88.966,269,1.032,216.147
215.235,967767,-89.906,270,-179.912,215.235
214.357,967809,-88.780,271,-178.788,214.357
213.557,967810,-87.652,272,-177.668,213.557
212.789,967811,-86.517,273,-176.546,212.789
212.028,967910,-85.375,274,-175.419,212.028
211.266,968209,-84.242,275,-174.303,211.266
210.436,968210,-83.147,276,-173.218,210.436
209.412,968212,-82.090,277,-172.164,209.412
208.134,968214,-81.053,278,-171.129,208.134
206.670,968215,-80.036,279,-170.118,206.670
205.072,968217,-79.029,280,-169.122,205.072
200.004,968310,-76.106,281,-166.242,200.004
186.948,968410,-69.699,282,-160.044,186.948
186.471,968411,-69.677,283,-160.016,186.471
184.433,968413,-70.632,284,-160.867,184.433
184.389,968415,-70.766,285,-161.007,184.389
184.303,968416,-70.860,286,-161.113,184.303
184.106,968418,-70.908,287,-161.173,184.106
183.792,968419,-70.905,288,-161.178,183.792
183.399,968421,-70.845,289,-161.125,183.399
182.978,968423,-70.717,290,-161.005,182.978
182.525,968460,-70.510,291,-160.813,182.525
182.026,968461,-70.213,292,-160.547,182.026
181.408,968463,-69.836,293,-160.208,181.408
180.707,968465,-69.434,294,-159.832,180.707
179.970,968466,-69.038,295,-159.444,179.970
177.567,968468,-67.839,296,-158.270,177.567
192.556,968469,-78.125,297,-170.999,192.556
193.353,968471,-78.487,298,-171.543,193.353
194.263,968472,-78.840,299,-172.090,194.263
195.317,968509,-79.229,300,-172.670,195.317
196.449,968511,-79.608,301,-173.274,196.449
197.647,968513,-80.003,302,-173.902,197.647
203.337,968515,-81.747,303,-177.017,203.337
207.296,968516,-82.184,304,178.527,207.296
207.349,968518,-82.001,305,178.123,207.349
207.482,968519,-81.772,306,177.728,207.482
207.716,968559,-81.552,307,177.344,207.716
208.073,968560,-81.337,308,176.959,208.073
208.539,968561,-81.126,309,176.568,208.539
209.064,968562,-80.924,310,176.168,209.064
209.609,968563,-80.719,311,175.756,209.609
210.188,968564,-80.505,312,175.333,210.188
210.834,968565,-80.286,313,174.905,210.834
211.550,968566,-80.073,314,174.476,211.550
212.275,968567,-79.874,315,174.066,212.275
212.989,968609,-79.684,316,173.668,212.989
213.675,968610,-79.488,317,173.286,213.675
214.329,968611,-79.288,318,172.922,214.329
214.926,968612,-79.078,319,172.571,214.926
215.452,968613,-78.851,320,172.231,215.452
215.927,968614,-78.605,321,171.884,215.927
216.382,968615,-78.330,322,171.517,216.382
216.866,968616,-78.026,323,171.123,216.866
217.398,968759,-77.709,324,170.710,217.398
218.031,968760,-77.400,325,170.283,218.031
218.777,968761,-77.107,326,169.853,218.777
219.616,968762,-76.849,327,169.423,219.616
220.491,968763,-76.617,328,168.998,220.491
221.342,968765,-76.394,329,168.581,221.342
222.135,968766,-76.178,330,168.179,222.135
222.895,968809,-75.977,331,167.796,222.895
223.616,968810,-75.798,332,167.443,223.616
224.325,968812,-75.640,333,167.116,224.325
225.046,968813,-75.495,334,166.816,225.046
225.758,968815,-75.380,335,166.556,225.758
226.446,968816,-75.319,336,166.347,226.446
227.136,968817,-75.306,337,166.182,227.136
227.846,968909,-75.332,338,166.063,227.846
228.444,968910,-75.417,339,166.021,228.444
228.843,968911,-75.582,340,166.082,228.843
229.037,968912,-75.833,341,166.251,229.037
229.023,968913,-76.188,342,166.543,229.023
228.773,968914,-76.655,343,166.957,228.773
228.302,968915,-77.229,344,167.479,228.302
227.628,968916,-77.902,345,168.096,227.628
226.713,968917,-78.667,346,168.813,226.713
225.602,969059,-79.526,347,169.632,225.602
224.328,969060,-80.462,348,170.533,224.328
222.951,969061,-81.448,349,171.494,222.951
221.538,969062,-82.459,350,172.489,221.538
220.076,969063,-83.484,351,173.504,220.076
218.626,969064,-84.515,352,174.529,218.626
217.329,969065,-85.549,353,175.558,217.329
216.291,969066,-86.585,354,176.589,216.291
215.468,969067,-87.615,355,177.618,215.468
214.776,969309,-88.645,356,178.650,214.776
214.124,969311,-89.666,357,179.694,214.124
213.442,969312,-89.223,358,-179.247,213.442
212.760,969314,-88.166,359,-178.190,212.760
212.177,969315,-87.110,360,-177.141,212.177
211.703,969317,-86.063,361,-176.102,211.703
211.268,969318,-85.020,362,-175.067,211.268
210.757,969320,-83.971,363,-174.026,210.757
210.110,969322,-82.922,364,-172.979,210.110
209.300,969409,-81.903,365,-171.955,209.300
208.301,969410,-80.917,366,-170.962,208.301
207.123,969412,-79.972,367,-170.012,207.123
205.793,969414,-79.063,368,-169.105,205.793
204.375,969415,-78.178,369,-168.228,204.375
202.933,969417,-77.307,370,-167.372,202.933
201.507,969418,-76.452,371,-166.535,201.507
200.098,969420,-75.627,372,-165.725,200.098
198.772,969421,-74.820,373,-164.933,198.772
197.568,969509,-74.036,374,-164.165,197.568
196.457,969510,-73.284,375,-163.429,196.457
195.412,969659,-72.571,376,-162.733,195.412
194.428,969809,-71.923,377,-162.099,194.428
185.742,970410,-68.115,378,-158.316,185.742
185.495,970411,-68.211,379,-158.399,185.495
185.236,970413,-68.348,380,-158.511,185.236
184.983,970459,-68.517,381,-158.650,184.983
184.721,970460,-68.709,382,-158.811,184.721
184.431,970462,-68.905,383,-158.981,184.431
184.100,970463,-69.086,384,-159.143,184.100
183.721,970465,-69.243,385,-159.283,183.721
183.277,970509,-69.366,386,-159.392,183.277
182.088,970609,-69.445,387,-159.453,182.088
181.364,970610,-69.396,388,-159.400,181.364
180.571,970611,-69.290,389,-159.291,180.571
179.680,970612,-69.131,390,-159.131,179.680
178.679,970613,-68.924,391,-21.075,178.679
177.604,970614,-68.677,392,-21.321,177.604
176.499,970615,-68.409,393,-21.584,176.499
175.405,970616,-68.147,394,-21.839,175.405
174.415,970659,-67.921,395,-22.059,174.415
173.015,970660,-67.694,396,-22.283,173.015
172.642,970759,-67.775,397,-22.209,172.642
173.186,970760,-67.586,398,-157.833,173.186
174.943,970761,-74.862,399,-165.641,174.943
69.062,971109,-81.180,400,177.534,69.062
68.962,971259,-80.967,401,177.213,68.962
69.184,971260,-80.750,402,176.899,69.184
70.929,971262,-80.110,403,176.146,70.929
71.711,971264,-79.899,404,175.941,71.711
72.287,971266,-79.698,405,175.721,72.287
72.475,971267,-79.579,406,175.502,72.475
72.215,971269,-79.543,407,175.354,72.215
71.150,971608,-79.685,408,175.400,71.150
63.767,971610,-79.107,409,175.695,63.767
63.777,971659,-79.125,410,175.602,63.777
63.576,971660,-79.123,411,175.503,63.576
63.219,971662,-79.098,412,175.387,63.219
62.788,971664,-79.038,413,175.253,62.788
62.347,971666,-78.956,414,175.114,62.347
61.991,971667,-78.877,415,174.973,61.991
61.798,971669,-78.819,416,174.823,61.798
61.789,971671,-78.781,417,174.660,61.789
61.988,971709,-78.740,418,174.466,61.988
64.350,971710,-78.474,419,172.830,64.350
64.628,971712,-78.394,420,172.558,64.628
64.933,971714,-78.287,421,172.289,64.933
68.560,971715,-74.694,422,164.977,68.560
56.963,971717,-81.527,423,8.393,56.963
55.470,971719,-82.216,424,7.713,55.470
53.881,971720,-82.932,425,7.009,53.881
52.270,971760,-83.678,426,6.274,52.270
50.651,971808,-84.464,427,5.496,50.651
48.988,971810,-85.290,428,4.679,48.988
47.325,971811,-86.137,429,3.840,47.325
14.790,971812,-70.484,430,-160.554,14.790
14.074,971813,-70.191,431,-160.251,14.074
11.609,971814,-69.431,432,-159.462,11.609
11.179,971859,-69.361,433,-159.388,11.179
10.798,971860,-69.342,434,-159.366,10.798
10.469,971861,-69.366,435,-159.388,10.469
10.214,971958,-69.421,436,-159.439,10.214
10.033,971960,-69.493,437,-159.509,10.033
9.899,971961,-69.577,438,-159.591,9.899
9.794,971962,-69.665,439,-159.679,9.794
9.750,971963,-69.755,440,-159.775,9.750
9.662,971964,-69.838,441,-159.870,9.662
9.450,971965,-69.899,442,-159.944,9.450
9.121,971966,-69.927,443,-159.978,9.121
8.728,972009,-69.916,444,-159.969,8.728
8.266,972010,-69.827,445,-159.885,8.266
7.647,972011,-69.651,446,-159.718,7.647
6.812,972012,-69.404,447,-159.484,6.812
5.809,972013,-69.113,448,-159.199,5.809
4.722,972014,-68.790,449,-158.877,4.722
3.609,972109,-68.448,450,-158.535,3.609
2.545,972110,-68.119,451,-158.205,2.545
1.582,972111,-67.824,452,-157.907,1.582
0.770,972159,-67.577,453,-157.659,0.770
0.163,972160,-67.407,454,-157.496,0.163
359.711,972161,-67.327,455,-157.434,359.711
359.513,972162,-67.387,456,-157.530,359.513
359.693,972163,-67.646,457,-157.838,359.693
2.390,972164,-68.292,458,-158.971,2.390
1.750,972165,-68.182,459,-159.039,1.750
0.160,972167,-68.250,460,-158.902,0.160
358.593,972209,-68.182,461,-158.650,358.593
357.388,972210,-68.067,462,-158.450,357.388
356.823,972212,-68.081,463,-158.433,356.823
357.305,972213,-68.275,464,-158.671,357.305
358.889,972214,-68.665,465,-159.202,358.889
1.185,972215,-69.193,466,-160.011,1.185
3.517,972358,-69.824,467,-161.039,3.517
5.329,972360,-70.500,468,-162.066,5.329
6.464,972361,-71.188,469,-162.883,6.464
7.118,972362,-71.763,470,-163.534,7.118
7.643,972363,-72.234,471,-164.084,7.643
8.490,972364,-73.071,472,-165.147,8.490
8.791,972365,-73.492,473,-165.687,8.791
9.105,972366,-73.901,474,-166.214,9.105
10.357,972460,-75.329,475,-167.903,10.357
10.754,972461,-75.800,476,-168.471,10.754
11.090,972463,-76.230,477,-169.007,11.090
11.409,972465,-76.615,478,-169.511,11.409
11.764,972466,-76.975,479,-169.998,11.764
12.227,972468,-77.307,480,-170.492,12.227
12.853,972470,-77.642,481,-171.004,12.853
13.618,972471,-77.966,482,-171.535,13.618
14.515,972660,-78.291,483,-172.093,14.515
15.507,972661,-78.618,484,-172.671,15.507
16.531,972663,-78.936,485,-173.260,16.531
17.588,972665,-79.253,486,-173.857,17.588
18.650,972666,-79.568,487,-174.452,18.650
19.750,972668,-79.847,488,-175.040,19.750
26.110,972669,-80.955,489,-178.460,26.110
26.918,972671,-81.023,490,-178.971,26.918
27.611,972710,-81.066,491,-179.483,27.611
28.101,972711,-81.063,492,-179.952,28.101
28.424,972713,-81.028,493,179.625,28.424
28.645,972715,-80.970,494,179.234,28.645
28.823,972716,-80.880,495,178.855,28.823
28.994,972718,-80.747,496,178.482,28.994
29.789,972720,-80.193,497,177.345,29.789
30.230,972721,-79.979,498,176.931,30.230
30.787,972723,-79.750,499,176.498,30.787
31.442,972809,-79.516,500,176.051,31.442
32.177,972810,-79.277,501,175.602,32.177
32.978,972812,-79.046,502,175.154,32.978
33.821,972813,-78.821,503,174.710,33.821
34.707,972814,-78.603,504,174.268,34.707
43.674,972816,-76.115,505,169.744,43.674
44.272,972817,-75.840,506,169.338,44.272
44.884,972818,-75.551,507,168.912,44.884
45.532,972909,-75.271,508,168.476,45.532
46.224,972911,-74.998,509,168.036,46.224
46.938,973009,-74.740,510,167.606,46.938
47.637,973011,-74.508,511,167.197,47.637
48.302,973012,-74.297,512,166.815,48.302
48.938,973013,-74.100,513,166.454,48.938
49.582,973014,-73.914,514,166.103,49.582
50.269,973016,-73.753,515,165.762,50.269
51.013,973017,-73.611,516,165.430,51.013
51.806,973018,-73.476,517,165.104,51.806
52.635,973020,-73.345,518,164.790,52.635
53.473,973059,-73.229,519,164.501,53.473
54.241,973061,-73.155,520,164.262,54.241
54.938,973062,-73.134,521,164.079,54.938
55.577,973063,-73.148,522,163.954,55.577
56.081,973073,-73.209,523,163.906,56.081
56.393,973074,-73.347,524,163.961,56.393
56.577,973076,-73.581,525,164.126,56.577
56.613,973109,-73.954,526,164.440,56.613
56.375,973110,-74.506,527,164.934,56.375
55.822,973112,-75.216,528,165.580,55.822
55.087,973113,-76.030,529,166.328,55.087
54.226,973114,-76.924,530,167.156,54.226
53.157,973159,-77.879,531,168.052,53.157
42.429,973160,-85.672,532,175.709,42.429
41.581,973161,-86.639,533,176.685,41.581
40.698,973162,-87.603,534,177.678,40.698
39.782,973163,-88.531,535,178.684,39.782
38.929,973165,-89.233,536,179.682,38.929
38.166,973166,-89.018,537,-179.339,38.166
37.449,973168,-88.227,538,-178.378,37.449
36.709,973169,-87.335,539,-177.421,36.709
35.872,973258,-86.431,540,-176.481,35.872
34.873,973260,-85.531,541,-175.560,34.873
33.706,973261,-84.647,542,-174.664,33.706
32.444,973262,-83.786,543,-173.801,32.444
31.173,973264,-82.958,544,-172.976,31.173
29.895,973265,-82.171,545,-172.198,29.895
28.587,973266,-81.427,546,-171.466,28.587
27.252,973268,-80.715,547,-170.765,27.252
25.957,973269,-80.017,548,-170.078,25.957
24.737,973358,-79.331,549,-169.403,24.737
23.613,973360,-78.652,550,-168.734,23.613
22.633,973361,-77.984,551,-168.081,22.633
21.778,973362,-77.348,552,-167.464,21.778
21.021,973364,-76.753,553,-166.896,21.021
20.340,973365,-76.197,554,-166.368,20.340
19.719,973409,-75.666,555,-165.863,19.719
19.137,973410,-75.139,556,-165.367,19.137
18.560,973412,-74.611,557,-164.872,18.560
17.945,973413,-74.089,558,-164.382,17.945
17.255,973414,-73.571,559,-163.889,17.255
16.453,973509,-73.045,560,-163.375,16.453
15.519,973511,-72.503,561,-162.835,15.519
14.458,973513,-71.969,562,-162.286,14.458
13.249,973515,-71.436,563,-161.716,13.249
11.943,973517,-70.887,564,-161.128,11.943
10.564,973519,-70.332,565,-160.533,10.564
9.187,973521,-69.807,566,-159.970,9.187
7.893,973524,-69.333,567,-159.464,7.893
6.688,973526,-68.895,568,-159.000,6.688
5.603,973559,-68.493,569,-158.577,5.603
4.646,973561,-68.135,570,-158.202,4.646
3.806,973563,-67.811,571,-157.864,3.806
3.106,973610,-67.519,572,-157.563,3.106
2.559,973611,-67.263,573,-157.299,2.559
2.149,973613,-67.043,574,-157.074,2.149
1.842,973614,-66.850,575,-156.878,1.842
1.599,973615,-66.681,576,-156.707,1.599
1.394,973617,-66.526,577,-156.552,1.394
1.168,973618,-66.375,578,-156.402,1.168
0.860,973708,-66.209,579,-156.239,0.860
0.468,973710,-66.028,580,-156.063,0.468
0.005,973711,-65.846,581,-155.885,0.005
359.457,973712,-65.661,582,-155.703,359.457
358.840,973714,-65.469,583,-155.510,358.840
358.168,973859,-65.282,584,-155.320,358.168
357.434,973860,-65.124,585,-155.155,357.434
356.616,973862,-64.999,586,-155.021,356.616
355.721,973863,-64.890,587,-154.905,355.721
354.799,973864,-64.784,588,-154.791,354.799
353.862,973866,-64.684,589,-154.686,353.862
352.919,973867,-64.599,590,-25.400,352.919
352.050,973869,-64.536,591,-25.461,352.050
351.329,973870,-64.513,592,-25.481,351.329
350.728,973959,-64.539,593,-25.451,350.728
350.209,973960,-64.599,594,-25.389,350.209
349.793,973962,-64.678,595,-25.311,349.793
349.475,973963,-64.776,596,-25.214,349.475
349.206,973964,-64.901,597,-25.091,349.206
348.904,973966,-65.068,598,-24.924,348.904
348.497,973967,-65.280,599,-24.712,348.497
347.994,973969,-65.520,600,-24.472,347.994
347.439,974009,-65.780,601,-24.212,347.439
346.843,974011,-66.077,602,-23.915,346.843
346.308,974012,-66.440,603,-23.554,346.308
345.933,974013,-66.862,604,-23.134,345.933
347.021,974015,-67.399,605,-157.487,347.021
348.807,974016,-67.906,606,-158.101,348.807
350.605,974017,-68.554,607,-158.900,350.605
352.140,974019,-69.288,608,-159.790,352.140
353.212,974059,-69.978,609,-160.571,353.212
353.872,974060,-70.495,610,-161.133,353.872
354.292,974061,-70.854,611,-161.538,354.292
354.643,974063,-71.173,612,-161.912,354.643
355.130,974064,-71.521,613,-162.327,355.130
355.797,974065,-71.902,614,-162.784,355.797
356.560,974067,-72.291,615,-163.261,356.560
357.330,974068,-72.676,616,-163.740,357.330
358.089,974109,-73.055,617,-164.216,358.089
358.852,974110,-73.422,618,-164.694,358.852
359.623,974111,-73.789,619,-165.183,359.623
0.383,974113,-74.151,620,-165.674,0.383
1.099,974114,-74.492,621,-166.147,1.099
1.735,974115,-74.807,622,-166.588,1.735
2.296,974117,-75.113,623,-167.007,2.296
2.804,974118,-75.415,624,-167.411,2.804
3.256,974120,-75.707,625,-167.805,3.256
3.590,974159,-75.979,626,-168.168,3.590
3.835,974160,-76.247,627,-168.513,3.835
4.049,974161,-76.505,628,-168.847,4.049
4.261,974163,-76.746,629,-169.176,4.261
4.419,974164,-76.973,630,-169.486,4.419
4.534,974166,-77.193,631,-169.775,4.534
4.619,974167,-77.398,632,-170.044,4.619
4.638,974168,-77.586,633,-170.289,4.638
4.589,974170,-77.769,634,-170.515,4.589
4.505,974209,-77.957,635,-170.733,4.505
4.391,974210,-78.147,636,-170.946,4.391
4.232,974211,-78.336,637,-171.159,4.232
4.032,974212,-78.529,638,-171.379,4.032
3.811,974214,-78.735,639,-171.617,3.811
3.555,974259,-78.951,640,-171.863,3.555
3.217,974260,-79.173,641,-172.102,3.217
2.806,974262,-79.394,642,-172.332,2.806
2.311,974263,-79.602,643,-172.539,2.311
1.767,974264,-79.791,644,-172.721,1.767
1.154,974309,-79.953,645,-172.879,1.154
0.447,974311,-80.089,646,-173.028,0.447
359.683,974359,-80.231,647,-173.184,359.683
358.836,974361,-80.375,648,-173.339,358.836
357.978,974363,-80.519,649,-173.498,357.978
357.126,974366,-80.685,650,-173.665,357.126
356.231,974368,-80.874,651,-173.840,356.231
355.244,974370,-81.072,652,-174.014,355.244
354.066,974372,-81.261,653,-174.161,354.066
352.724,974509,-81.431,654,-174.282,352.724
351.338,974510,-81.591,655,-174.394,351.338
349.963,974511,-81.724,656,-174.509,349.963
348.552,974513,-81.825,657,-174.626,348.552
347.102,974514,-81.914,658,-174.748,347.102
345.671,974515,-82.012,659,-174.885,345.671
344.245,974517,-82.124,660,-175.031,344.245
342.762,974518,-82.254,661,-175.169,342.762
341.177,974520,-82.400,662,-175.296,341.177
339.475,974558,-82.568,663,-175.410,339.475
337.699,974560,-82.731,664,-175.513,337.699
335.958,974561,-82.886,665,-175.620,335.958
334.313,974562,-83.076,666,-175.742,334.313
332.789,974564,-83.301,667,-175.883,332.789
331.355,974565,-83.539,668,-176.045,331.355
329.978,974566,-83.786,669,-176.229,329.978
328.656,974568,-84.052,670,-176.440,328.656
327.399,974609,-84.342,671,-176.673,327.399
326.167,974611,-84.642,672,-176.910,326.167
324.923,974612,-84.947,673,-177.146,324.923
323.645,974613,-85.253,674,-177.375,323.645
322.324,974615,-85.546,675,-177.585,322.324
320.953,974616,-85.818,676,-177.767,320.953
319.520,974709,-86.063,677,-177.916,319.520
318.061,974710,-86.271,678,-178.035,318.061
316.588,974712,-86.446,679,-178.132,316.588
315.126,974713,-86.620,680,-178.215,315.126
313.698,974714,-86.803,681,-178.296,313.698
312.297,974716,-86.983,682,-178.383,312.297
310.886,974809,-87.154,683,-178.479,310.886
309.449,974909,-87.315,684,-178.585,309.449
307.987,974910,-87.472,685,-178.706,307.987
306.513,974911,-87.640,686,-178.848,306.513
305.056,974913,-87.810,687,-179.004,305.056
303.601,974914,-87.955,688,-179.157,303.601
302.121,974916,-88.075,689,-179.293,302.121
300.616,974917,-88.174,690,-179.406,300.616
299.097,974918,-88.253,691,-179.503,299.097
297.573,974920,-88.307,692,-179.587,297.573
296.030,974960,-88.335,693,-179.665,296.030
294.452,974961,-88.375,694,-179.748,294.452
292.864,974963,-88.434,695,-179.842,292.864
291.274,974964,-88.495,696,-179.944,291.274
289.674,974965,-88.541,697,179.954,289.674
288.049,974967,-88.569,698,179.861,288.049
286.418,975058,-88.563,699,179.763,286.418
284.798,975060,-88.517,700,179.641,284.798
283.182,975061,-88.415,701,179.493,283.182
281.539,975062,-88.262,702,179.326,281.539
279.834,975064,-88.074,703,179.158,279.834
278.112,975065,-87.851,704,178.984,278.112
276.429,975066,-87.615,705,178.795,276.429
269.522,975068,-86.832,706,177.878,269.522
267.421,975069,-86.708,707,177.692,267.421
265.085,975209,-86.610,708,177.556,265.085
262.751,975211,-86.498,709,177.438,262.751
260.556,975213,-86.355,710,177.304,260.556
258.430,975215,-86.210,711,177.181,258.430
256.223,975217,-86.099,712,177.105,256.223
253.842,975221,-86.014,713,177.076,253.842
251.416,975224,-85.917,714,177.060,251.416
249.217,975227,-85.813,715,177.043,249.217
247.375,975359,-85.741,716,177.030,247.375
245.814,975361,-85.724,717,177.027,245.814
244.413,975362,-85.772,718,177.027,244.413
243.128,975409,-85.867,719,177.016,243.128
241.942,975410,-85.938,720,177.000,241.942
240.798,975411,-85.954,721,176.993,240.798
239.543,975413,-85.937,722,177.001,239.543
238.051,975414,-85.922,723,177.024,238.051
236.360,975416,-85.893,724,177.058,236.360
234.761,975417,-85.788,725,177.053,234.761
233.597,975419,-85.562,726,176.972,233.597
232.925,975560,-85.254,727,176.826,232.925
232.521,975561,-84.924,728,176.661,232.521
232.209,975562,-84.578,729,176.519,232.209
233.380,975563,-82.722,730,175.946,233.380
234.032,975565,-82.614,731,175.733,234.032
234.526,975566,-82.502,732,175.489,234.526
234.719,975609,-82.364,733,175.253,234.719
234.544,975610,-82.211,734,175.062,234.544
234.028,975612,-82.066,735,174.946,234.028
233.271,975709,-81.902,736,174.906,233.271
232.340,975711,-81.706,737,174.941,232.340
226.847,975712,-81.038,738,176.149,226.847
226.471,975713,-81.033,739,176.301,226.471
226.107,975715,-81.020,740,176.436,226.107
225.264,975716,-80.992,741,176.717,225.264
225.094,975718,-81.011,742,176.805,225.094
224.938,975909,-81.025,743,176.909,224.938
224.772,975910,-81.039,744,177.025,224.772
224.575,975912,-81.050,745,177.145,224.575
224.353,975913,-81.043,746,177.262,224.353
224.123,975914,-81.023,747,177.372,224.123
223.899,975916,-81.001,748,177.471,223.899
222.301,975917,-80.515,749,177.765,222.301
221.921,975919,-80.445,750,177.773,221.921
221.550,975921,-80.374,751,177.766,221.550
221.182,976059,-80.303,752,177.748,221.182
220.842,976061,-80.236,753,177.718,220.842
220.567,976063,-80.173,754,177.676,220.567
220.340,976066,-80.112,755,177.633,220.340
220.117,976068,-80.059,756,177.603,220.117
220.356,976109,-78.638,757,177.212,220.356
219.397,976159,-78.396,758,177.037,219.397
219.318,976161,-78.351,759,176.982,219.318
219.257,976163,-78.307,760,176.921,219.257
219.207,976166,-78.267,761,176.861,219.207
219.137,976168,-78.237,762,176.813,219.137
219.042,976169,-78.219,763,176.773,219.042
218.907,976172,-78.207,764,176.738,218.907
216.613,976174,-77.660,765,175.702,216.613
216.489,976209,-77.647,766,175.641,216.489
216.401,976211,-77.631,767,175.579,216.401
216.346,976213,-77.618,768,175.514,216.346
216.314,976215,-77.612,769,175.446,216.314
216.302,976218,-77.613,770,175.376,216.302
216.321,976219,-77.621,771,175.306,216.321
216.381,976221,-77.629,772,175.237,216.381
216.475,976224,-77.639,773,175.171,216.475
216.982,976226,-78.017,774,175.093,216.982
216.994,976360,-78.081,775,175.127,216.994
217.013,976459,-78.146,776,175.161,217.013
217.035,976461,-78.218,777,175.194,217.035
217.062,976463,-78.296,778,175.227,217.062
217.105,976465,-78.375,779,175.257,217.105
217.503,976467,-78.716,780,175.432,217.503
217.548,976469,-78.801,781,175.488,217.548
217.566,976471,-78.884,782,175.547,217.566
217.551,976474,-78.963,783,175.605,217.551
217.512,976510,-79.034,784,175.655,217.512
217.467,976559,-79.095,785,175.694,217.467
217.434,976560,-79.146,786,175.723,217.434
217.448,976563,-79.192,787,175.738,217.448
217.527,976565,-79.230,788,175.738,217.527
217.667,976567,-79.262,789,175.725,217.667
217.839,976569,-79.300,790,175.708,217.839
218.018,976571,-79.348,791,175.693,218.018
218.179,976573,-79.401,792,175.686,218.179
218.308,976576,-79.453,793,175.685,218.308
218.406,976660,-79.497,794,175.687,218.406
218.477,976662,-79.535,795,175.690,218.477
218.525,976664,-79.566,796,175.694,218.525
218.510,976709,-79.714,797,175.741,218.510
218.759,976711,-80.075,798,175.777,218.759
218.805,976713,-80.103,799,175.778,218.805
218.853,976716,-80.129,800,175.771,218.853
218.889,976718,-80.157,801,175.766,218.889
218.903,976720,-80.181,802,175.766,218.903
218.897,976722,-80.204,803,175.770,218.897
218.871,976724,-80.231,804,175.779,218.871
218.833,976727,-80.258,805,175.790,218.833
218.790,976809,-80.282,806,175.799,218.790
218.748,976815,-80.299,807,175.805,218.748
218.696,976817,-80.313,808,175.810,218.696
218.632,976819,-80.322,809,175.809,218.632
218.561,976820,-80.329,810,175.805,218.561
218.502,976822,-80.330,811,175.796,218.502
218.460,976823,-80.335,812,175.783,218.460
218.446,976825,-80.341,813,175.763,218.446
218.450,976827,-80.343,814,175.744,218.450
218.460,976909,-80.351,815,175.735,218.460
218.501,976959,-80.391,816,175.717,218.501
218.509,976961,-80.424,817,175.707,218.509
218.536,976962,-80.461,818,175.690,218.536
218.732,976964,-80.565,819,175.588,218.732
218.788,976966,-80.582,820,175.554,218.788
218.829,976967,-80.596,821,175.523,218.829
218.847,976969,-80.600,822,175.497,218.847
218.857,976970,-80.598,823,175.470,218.857
218.859,977059,-80.594,824,175.442,218.859
218.849,977061,-80.589,825,175.411,218.849
218.819,977062,-80.596,826,175.383,218.819
218.764,977064,-80.597,827,175.354,218.764
218.581,977066,-80.578,828,175.291,218.581
218.474,977067,-80.557,829,175.256,218.474
218.364,977069,-80.525,830,175.218,218.364
218.256,977070,-80.488,831,175.180,218.256
218.149,977072,-80.449,832,175.148,218.149
218.047,977159,-80.414,833,175.122,218.047
217.951,977161,-80.388,834,175.104,217.951
217.875,977162,-80.366,835,175.092,217.875
217.862,977164,-80.348,836,175.064,217.862
217.948,977166,-80.348,837,175.008,217.948
217.892,977167,-80.389,838,174.956,217.892
217.798,977209,-80.378,839,174.949,217.798
217.686,977210,-80.367,840,174.945,217.686
217.563,977212,-80.357,841,174.946,217.563
217.448,977214,-80.336,842,174.950,217.448
217.350,977216,-80.321,843,174.956,217.350
217.264,977217,-80.316,844,174.967,217.264
217.198,977219,-80.316,845,174.975,217.198
217.057,977220,-80.358,846,175.011,217.057
217.031,977222,-80.377,847,175.021,217.031
217.010,977308,-80.390,848,175.030,217.010
216.994,977310,-80.400,849,175.036,216.994
216.976,977311,-80.412,850,175.046,216.976
216.954,977312,-80.427,851,175.062,216.954
216.933,977313,-80.444,852,175.082,216.933
216.920,977314,-80.464,853,175.104,216.920
216.909,977315,-80.488,854,175.126,216.909
216.884,977316,-80.538,855,175.182,216.884
216.870,977459,-80.561,856,175.213,216.870
216.863,977461,-80.586,857,175.241,216.863
216.864,977462,-80.611,858,175.265,216.864
216.893,977560,-80.634,859,175.266,216.893
216.926,977561,-80.662,860,175.266,216.926
216.965,977562,-80.687,861,175.262,216.965
217.018,977563,-80.707,862,175.254,217.018
217.101,977564,-80.717,863,175.239,217.101
217.199,977565,-80.726,864,175.218,217.199
217.304,977566,-80.726,865,175.200,217.304
217.405,977567,-80.731,866,175.191,217.405
217.504,977759,-80.739,867,175.189,217.504
217.594,977761,-80.748,868,175.193,217.594
217.684,977762,-80.757,869,175.197,217.684
217.774,977763,-80.773,870,175.200,217.774
217.864,977764,-80.789,871,175.203,217.864
217.942,977765,-80.807,872,175.207,217.942
218.000,977766,-80.829,873,175.214,218.000
218.043,977809,-80.851,874,175.225,218.043
218.081,977810,-80.871,875,175.235,218.081
218.121,977859,-80.881,876,175.241,218.121
218.154,977861,-80.889,877,175.245,218.154
218.046,977910,-80.930,878,175.285,218.046
217.968,978010,-80.925,879,175.286,217.968
217.892,978059,-80.925,880,175.295,217.892
217.951,978209,-80.944,881,175.273,217.951
217.965,978210,-80.942,882,175.268,217.965
217.970,978212,-80.942,883,175.263,217.970
217.981,978214,-80.939,884,175.253,217.981
217.991,978216,-80.936,885,175.243,217.991
217.993,978218,-80.928,886,175.235,217.993
217.989,978219,-80.923,887,175.234,217.989
217.991,978221,-80.923,888,175.232,217.991
218.231,978310,-80.898,889,175.144,218.231
218.251,978312,-80.904,890,175.151,218.251
218.263,978314,-80.910,891,175.159,218.263
218.266,978315,-80.916,892,175.168,218.266
218.265,978317,-80.920,893,175.176,218.265
218.260,978319,-80.923,894,175.181,218.260
218.249,978320,-80.927,895,175.186,218.249
218.248,978359,-80.929,896,175.187,218.248
218.253,978360,-80.926,897,175.184,218.253
218.321,978409,-80.910,898,175.163,218.321
218.353,978410,-80.916,899,175.161,218.353
218.539,978411,-80.949,900,175.155,218.539
218.567,978412,-81.023,901,175.231,218.567
218.640,978413,-81.053,902,175.257,218.640
218.376,978416,-81.068,903,175.277,218.376
218.346,978417,-81.068,904,175.280,218.346
218.317,978418,-81.061,905,175.272,218.317
218.283,978509,-81.053,906,175.262,218.283
218.248,978609,-81.044,907,175.250,218.248
218.217,978660,-81.035,908,175.238,218.217
218.195,978661,-81.027,909,175.226,218.195
218.178,978809,-81.019,910,175.214,218.178
218.162,978859,-81.015,911,175.186,218.162
218.169,978860,-81.022,912,175.178,218.169
218.171,978861,-81.031,913,175.176,218.171
218.173,978862,-81.032,914,175.174,218.173
218.176,978863,-81.031,915,175.171,218.176
218.173,978865,-81.030,916,175.168,218.173
218.181,978866,-81.027,917,175.162,218.181
218.189,978909,-81.023,918,175.154,218.189
218.197,978910,-81.020,919,175.147,218.197
218.224,979009,-81.015,920,175.134,218.224
218.244,979010,-81.014,921,175.127,218.244
218.270,979059,-81.010,922,175.115,218.270
218.300,979060,-81.005,923,175.102,218.300
218.331,979062,-81.000,924,175.089,218.331
218.359,979063,-80.992,925,175.074,218.359
218.383,979064,-80.983,926,175.057,218.383
218.399,979065,-80.975,927,175.042,218.399
218.422,979066,-80.965,928,175.020,218.422
218.419,979067,-80.896,929,174.907,218.419
218.336,979068,-80.883,930,174.903,218.336
218.316,979110,-80.878,931,174.904,218.316
218.197,979111,-80.816,932,174.817,218.197
218.323,979113,-80.838,933,174.787,218.323
218.352,979159,-80.842,934,174.788,218.352
218.379,979160,-80.847,935,174.791,218.379
218.408,979162,-80.849,936,174.790,218.408
218.446,979164,-80.848,937,174.782,218.446
218.481,979166,-80.847,938,174.774,218.481
218.515,979167,-80.849,939,174.766,218.515
218.547,979169,-80.847,940,174.758,218.547
218.580,979171,-80.842,941,174.746,218.580
218.608,979172,-80.833,942,174.694,218.608
218.617,979210,-80.829,943,174.685,218.617
218.636,979210,-80.820,944,174.666,218.636
218.638,979212,-80.820,945,174.664,218.638
218.654,979213,-80.819,946,174.661,218.654
218.672,979214,-80.819,947,174.658,218.672
218.685,979215,-80.819,948,174.657,218.685
218.685,979216,-80.819,949,174.656,218.685
218.679,979259,-80.819,950,174.656,218.679
218.681,979260,-80.820,951,174.655,218.681
218.684,979261,-80.820,952,174.652,218.684
218.693,979262,-80.819,953,174.650,218.693
218.706,979263,-80.819,954,174.647,218.706
218.707,979264,-80.819,955,174.646,218.707
218.708,979266,-80.819,956,174.645,218.708
218.709,979359,-80.818,957,174.644,218.709
218.710,979360,-80.818,958,174.643,218.710
218.703,979361,-80.818,959,174.643,218.703
218.693,979362,-80.818,960,174.643,218.693
218.686,979409,-80.819,961,174.642,218.686
218.691,979410,-80.818,962,174.638,218.691
218.708,979510,-80.815,963,174.631,218.708
218.734,979510,-80.811,964,174.622,218.734
218.765,979512,-80.807,965,174.613,218.765
218.797,979513,-80.805,966,174.605,218.797
218.826,979514,-80.804,967,174.600,218.826
218.849,979515,-80.803,968,174.596,218.849
218.867,979516,-80.803,969,174.593,218.867
218.878,979517,-80.803,970,174.591,218.878
218.879,979559,-80.804,971,174.590,218.879
218.880,979609,-80.804,972,174.589,218.880
218.891,979611,-80.804,973,174.586,218.891
218.898,979658,-80.800,974,174.579,218.898
218.906,979660,-80.789,975,174.572,218.906
218.914,979661,-80.785,976,174.564,218.914
218.917,979662,-80.780,977,174.556,218.917
218.926,979663,-80.780,978,174.547,218.926
218.936,979664,-80.775,979,174.536,218.936
218.947,979665,-80.775,980,174.533,218.947
218.973,979666,-80.775,981,174.528,218.973
219.006,979709,-80.775,982,174.523,219.006
219.042,979710,-80.775,983,174.519,219.042
219.070,979711,-80.774,984,174.516,219.070
219.051,979712,-80.778,985,174.522,219.051
219.028,979713,-80.783,986,174.529,219.028
219.009,979715,-80.788,987,174.537,219.009
219.007,979716,-80.790,988,174.540,219.007
219.032,979759,-80.786,989,174.533,219.032
219.074,979760,-80.782,990,174.522,219.074
219.124,979761,-80.776,991,174.510,219.124
219.174,979762,-80.771,992,174.498,219.174
219.216,979860,-80.767,993,174.494,219.216
219.273,979860,-80.779,994,174.496,219.273
219.273,979862,-80.779,995,174.496,219.273
219.128,979863,-80.756,996,174.477,219.128
219.112,979864,-80.751,997,174.466,219.112
219.115,979865,-80.755,998,174.463,219.115
219.142,979866,-80.758,999,174.459,219.142
219.169,979867,-80.765,1000,174.465,219.169
219.193,979868,-80.779,1001,174.475,219.193
219.209,979910,-80.795,1002,174.483,219.209
219.210,979912,-80.816,1003,174.492,219.210
219.211,979915,-80.833,1004,174.500,219.211
219.220,979917,-80.846,1005,174.501,219.220
219.243,979919,-80.850,1006,174.491,219.243
219.271,979922,-80.847,1007,174.482,219.271
219.302,979925,-80.840,1008,174.468,219.302
219.328,979927,-80.833,1009,174.455,219.328
219.356,979928,-80.826,1010,174.442,219.356
219.384,980010,-80.819,1011,174.430,219.384
219.404,980011,-80.813,1012,174.419,219.404
219.412,980013,-80.809,1013,174.411,219.412
219.396,980015,-80.815,1014,174.412,219.396
219.346,980017,-80.829,1015,174.418,219.346
219.321,980059,-80.829,1016,174.421,219.321
219.301,980061,-80.829,1017,174.423,219.301
219.293,980063,-80.829,1018,174.424,219.293
219.300,980064,-80.829,1019,174.423,219.300
219.318,980066,-80.834,1020,174.421,219.318
219.345,980068,-80.840,1021,174.418,219.345
219.384,980069,-80.840,1022,174.414,219.384
219.422,980071,-80.840,1023,174.409,219.422
219.449,980109,-80.840,1024,174.406,219.449
219.459,980209,-80.832,1025,174.405,219.459
219.452,980210,-80.825,1026,174.406,219.452
219.424,980211,-80.825,1027,174.409,219.424
219.383,980212,-80.825,1028,174.414,219.383
219.341,980214,-80.825,1029,174.419,219.341
219.307,980215,-80.825,1030,174.422,219.307
219.282,980216,-80.819,1031,174.425,219.282
219.254,980218,-80.813,1032,174.428,219.254
219.230,980219,-80.806,1033,174.431,219.230
219.220,980259,-80.797,1034,174.433,219.220
219.220,980260,-80.797,1035,174.433,219.220
219.220,980261,-80.797,1036,174.433,219.220
219.220,980263,-80.797,1037,174.433,219.220
219.227,980264,-80.797,1038,174.432,219.227
219.227,980265,-80.797,1039,174.432,219.227
219.227,980267,-80.797,1040,174.432,219.227
219.227,980268,-80.797,1041,174.432,219.227
219.219,980269,-80.797,1042,174.433,219.219
219.203,980409,-80.797,1043,174.435,219.203
219.187,980410,-80.797,1044,174.436,219.187
219.187,980411,-80.797,1045,174.436,219.187
219.187,980413,-80.797,1046,174.436,219.187
219.196,980414,-80.797,1047,174.435,219.196
219.205,980415,-80.797,1048,174.434,219.205
219.205,980416,-80.797,1049,174.434,219.205
219.205,980459,-80.793,1050,174.434,219.205
219.205,980610,-80.793,1051,174.434,219.205
219.205,980610,-80.793,1052,174.434,219.205
219.205,980611,-80.793,1053,174.434,219.205
219.205,980612,-80.793,1054,174.434,219.205
219.206,980613,-80.786,1055,174.434,219.206
219.201,980614,-80.785,1056,174.440,219.201
219.202,980615,-80.789,1057,174.446,219.202
219.202,980709,-80.789,1058,174.446,219.202
219.196,980710,-80.792,1059,174.452,219.196
219.196,980711,-80.792,1060,174.452,219.196
219.196,980712,-80.792,1061,174.452,219.196
219.196,980712,-80.792,1062,174.452,219.196
219.205,980713,-80.792,1063,174.451,219.205
219.198,980714,-80.796,1064,174.457,219.198
219.198,980715,-80.796,1065,174.457,219.198
219.198,980759,-80.796,1066,174.457,219.198
219.198,980760,-80.796,1067,174.457,219.198
219.187,980761,-80.796,1068,174.458,219.187
219.169,980762,-80.796,1069,174.460,219.169
219.149,980764,-80.796,1070,174.462,219.149
219.118,980765,-80.801,1071,174.472,219.118
219.073,980766,-80.802,1072,174.487,219.073
218.799,980767,-80.851,1073,174.598,218.799
218.797,980768,-80.852,1074,174.600,218.797
218.796,980909,-80.853,1075,174.602,218.796
218.797,980911,-80.853,1076,174.603,218.797
218.805,980913,-80.853,1077,174.601,218.805
218.818,980915,-80.852,1078,174.600,218.818
218.830,980918,-80.854,1079,174.602,218.830
218.839,980920,-80.866,1080,174.622,218.839
218.832,980922,-80.871,1081,174.629,218.832
218.823,980926,-80.876,1082,174.638,218.823
218.811,980959,-80.883,1083,174.650,218.811
218.799,981060,-80.890,1084,174.662,218.799
218.788,981109,-80.896,1085,174.673,218.788
218.776,981111,-80.903,1086,174.684,218.776
218.755,981114,-80.910,1087,174.697,218.755
218.732,981116,-80.916,1088,174.709,218.732
218.711,981117,-80.920,1089,174.720,218.711
218.694,981119,-80.923,1090,174.728,218.694
218.688,981121,-80.926,1091,174.735,218.688
218.681,981123,-80.929,1092,174.742,218.681
218.674,981130,-80.931,1093,174.749,218.674
218.679,981259,-80.933,1094,174.755,218.679
218.687,981260,-80.936,1095,174.760,218.687
218.692,981260,-80.939,1096,174.764,218.692
218.682,981261,-80.938,1097,174.765,218.682
218.667,981262,-80.939,1098,174.771,218.667
218.657,981263,-80.941,1099,174.775,218.657
